Depth,GR,RHOB,NPHI,RT,Porosity,Water_Saturation,Hydrocarbon_Saturation,Recovery_Factor,Reservoir_Volume,Extractable_Oil_Gas
3486,41.13916276,2.583432668,0.072358233,14.77893277,0.069462782,0.9,0.1,0.6,2586000,10777.8453
2706,40.18453588,2.628567407,0.285935289,53.85466762,0.153683941,0.2,0.8,0.6,1806000,133225.5347
2947,41.64576714,2.262718299,0.150921995,78.78296354,0.269101848,0.2,0.8,0.6,2047000,264408.7118
2636,91.49115737,2.25972148,0.321506225,83.61224099,0.35,0.2,0.8,0.3,1736000,145824
3920,46.4797701,2.423007706,0.199597577,62.19641927,0.213294936,0.2,0.8,0.6,3020000,309192.3388
3453,72.57917904,2.40987894,0.309515428,18.12244781,0.274818244,0.2,0.8,0.6,2553000,336773.2684
3164,76.03348722,2.633750097,0.339290319,2.525654321,0.177770111,0.9,0.1,0.6,2264000,24148.29183
3360,90.17632028,2.398776023,0.056600143,74.80508412,0.15391206,0.2,0.8,0.3,2460000,90869.68007
2806,51.03648723,2.360461461,0.190245202,18.58657048,0.23989187,0.2,0.8,0.6,1906000,219472.2742
3909,43.54927085,2.511956882,0.063852942,36.90715224,0.10094803,0.265884957,0.734115043,0.6,3009000,133793.6217
4251,59.14594492,2.330717513,0.139773489,96.72734682,0.229527988,0.2,0.8,0.6,3351000,369191.178
1499,68.40661449,2.228137941,0.271302559,72.66760868,0.346582309,0.2,0.8,0.6,599000,99649.34538
3332,84.61686325,2.456937216,0.346779005,44.64366736,0.269920895,0.2,0.8,0.3,2432000,157547.4277
2854,66.2501672,2.289127072,0.345668111,16.17395077,0.35,0.2,0.8,0.6,1954000,328272
2536,85.22845884,2.475777198,0.323657732,8.107318185,0.248940267,0.2,0.8,0.3,1636000,97743.90652
1525,53.00245969,2.484645038,0.175721814,21.85441017,0.170538388,0.2,0.8,0.6,625000,51161.51631
2731,75.80748771,2.42550269,0.12027085,38.7026427,0.17238408,0.2,0.8,0.6,1831000,151504.92
1993,56.56561769,2.230464649,0.133448122,87.86182725,0.276491737,0.2,0.8,0.6,1093000,145058.6248
2147,62.66732338,2.203828503,0.198113493,95.83834796,0.322142495,0.2,0.8,0.6,1247000,192821.6117
1981,44.62294829,2.41840374,0.102937981,67.4152936,0.167267121,0.2,0.8,0.6,1081000,86791.56356
3527,64.56052784,2.286551395,0.078267654,4.646756405,0.22085813,0.441187617,0.558812383,0.6,2627000,194531.8578
1401,106.0598518,2.643517291,0.109046736,93.2001231,0.057764723,0.32155712,0.67844288,0.3,501000,5890.266739
3578,115.2128391,2.279451036,0.062668618,19.52122338,0.216608791,0.2,0.8,0.3,2678000,139218.8021
4108,100.1252977,2.551642736,0.326162546,61.45841155,0.212259905,0.2,0.8,0.3,3208000,163423.1463
2400,60.96491419,2.537090468,0.087756011,18.12773195,0.100332772,0.547987827,0.452012173,0.6,1500000,40816.47064
1794,41.21731451,2.62604956,0.341170498,23.72181468,0.182560469,0.2,0.8,0.6,894000,78340.34847
4422,87.77637193,2.402163218,0.088454615,72.07021226,0.168145699,0.2,0.8,0.3,3522000,142130.1962
2802,43.03431945,2.369395277,0.270105648,80.64385266,0.275355186,0.2,0.8,0.6,1902000,251388.2702
4124,55.41470807,2.497494968,0.255363537,38.95578422,0.203934285,0.2,0.8,0.6,3224000,315592.3841
4570,80.66900182,2.452610942,0.300239407,76.82558847,0.248814232,0.2,0.8,0.3,3670000,219155.5758
2070,86.64291562,2.389211068,0.338441511,84.36895464,0.299615222,0.2,0.8,0.3,1170000,84131.95423
3049,106.2946665,2.320683966,0.14813529,79.17593028,0.238725662,0.2,0.8,0.3,2149000,123125.1473
1508,58.07558377,2.495608305,0.068940446,36.40822238,0.11166607,0.220271373,0.779728627,0.6,608000,31762.85572
2193,59.43697373,2.21602181,0.344298153,61.53377717,0.35,0.2,0.8,0.6,1293000,217224
1941,57.79838048,2.637915154,0.057483109,46.24666129,0.05,0.864927303,0.135072697,0.6,1041000,4218.32034
2168,116.5013933,2.35508114,0.27390205,58.27826456,0.284410455,0.2,0.8,0.3,1268000,86551.78964
1855,111.0886287,2.546941816,0.124066522,2.737228908,0.113562353,0.9,0.1,0.3,955000,3253.561419
2166,52.51088793,2.634990297,0.251487628,15.34254297,0.133248666,0.367093685,0.632906315,0.6,1266000,64060.0472
3850,113.0601499,2.578871177,0.259895207,70.02358475,0.165512015,0.2,0.8,0.3,2950000,117182.5064
4987,96.55056105,2.634411644,0.291907593,11.8568129,0.153747974,0.356790455,0.643209545,0.3,4087000,121251.6831
4347,63.12478827,2.610556143,0.299836316,84.78813314,0.169640087,0.2,0.8,0.6,3447000,280679.7019
4909,106.0566687,2.527736278,0.07569414,28.87808452,0.098978931,0.353464741,0.646535259,0.3,4009000,76964.82469
4224,41.83332618,2.227592617,0.31645442,91.07667444,0.35,0.2,0.8,0.6,3324000,558432
4855,92.44151349,2.399934062,0.1628334,78.04664964,0.206449669,0.2,0.8,0.3,3955000,195962.0256
1327,106.9260634,2.284308236,0.299394629,28.90302279,0.332543197,0.2,0.8,0.3,427000,34079.02678
4164,101.9795937,2.353382432,0.165215013,5.669041749,0.23091629,0.330811958,0.669188042,0.3,3264000,151312.2706
2433,92.83485757,2.339431688,0.146833224,12.05905145,0.228700768,0.2,0.8,0.3,1533000,84143.58657
3093,92.81623867,2.283030521,0.172334214,80.00454923,0.269651847,0.2,0.8,0.3,2193000,141923.1599
1266,101.3131116,2.641051078,0.078578779,55.26084407,0.05,0.72383983,0.27616017,0.3,366000,1516.119331
1434,53.20449458,2.588852355,0.232315126,25.48285768,0.146731386,0.2,0.8,0.6,534000,37610.18874
1984,112.6638347,2.642198717,0.12118756,76.5882701,0.064494422,0.313901532,0.686098468,0.3,1084000,14389.94516
1674,64.47657499,2.575319901,0.303228584,51.82345489,0.188954342,0.2,0.8,0.6,774000,70200.31703
4481,60.82216542,2.602605396,0.066500864,4.021472233,0.056947734,0.9,0.1,0.6,3581000,12235.79005
2658,104.8734075,2.615800902,0.216093622,11.67493974,0.12514636,0.546901237,0.453098763,0.3,1758000,29905.51087
4076,43.51982482,2.56433836,0.26290524,99.44509504,0.17428344,0.2,0.8,0.6,3176000,265691.618
3823,68.68603326,2.512667153,0.149592236,18.92449747,0.143462542,0.256742995,0.743257005,0.6,2923000,187006.8853
4649,115.2528339,2.4390232,0.092926506,36.99671683,0.151951653,0.2,0.8,0.3,3749000,136720.0191
4095,99.28388188,2.542362878,0.235155948,39.83274141,0.171396535,0.2,0.8,0.3,3195000,131426.8632
3978,54.35793743,2.626148069,0.285643956,68.32674101,0.154747943,0.2,0.8,0.6,3078000,228630.8015
4357,40.34447746,2.20260908,0.253101884,92.26453693,0.35,0.2,0.8,0.6,3457000,580776
2239,61.80625767,2.205543045,0.171460249,4.675712844,0.307958602,0.225510875,0.774489125,0.6,1339000,191619.4067
3058,43.48434201,2.388005297,0.261822315,72.81182249,0.261908509,0.2,0.8,0.6,2158000,271295.3102
1330,105.1886677,2.621174931,0.215912068,21.9714037,0.122368568,0.303950203,0.696049797,0.3,430000,10987.52562
3370,72.40880316,2.330086104,0.159234365,35.06696031,0.239574131,0.2,0.8,0.6,2470000,284039.0891
2019,100.010669,2.450006545,0.222416228,59.67982265,0.211204842,0.2,0.8,0.3,1119000,56721.17223
3963,82.63550242,2.278044466,0.314571906,27.05841922,0.34326372,0.2,0.8,0.3,3063000,252340.0259
3192,45.63967312,2.628259141,0.080617539,75.25985671,0.051179199,0.507282216,0.492717784,0.6,2292000,34678.28327
4790,62.53715247,2.586953334,0.187739202,67.59081981,0.125392934,0.2,0.8,0.6,3890000,234133.6866
3771,50.71847257,2.264171798,0.274641848,65.33489257,0.330235025,0.2,0.8,0.6,2871000,455090.2837
2637,103.5534699,2.596318797,0.091076775,90.76969457,0.072378989,0.210297497,0.789702503,0.3,1737000,29784.96535
2921,64.5770197,2.290596205,0.121238843,89.83448201,0.240321319,0.2,0.8,0.6,2021000,233130.9051
1189,55.3528723,2.493323884,0.22652302,59.67456636,0.191599568,0.2,0.8,0.6,289000,26578.69207
1856,117.8532499,2.55530778,0.076504772,48.17551702,0.085598496,0.283296592,0.716703408,0.3,956000,17594.81683
1693,57.13791724,2.620357714,0.069409021,81.9842194,0.05,0.487898772,0.512101228,0.6,793000,12182.88821
4363,42.69271821,2.567168672,0.32812434,9.278129651,0.205477834,0.255275776,0.744724224,0.6,3463000,317953.9329
2061,107.9201251,2.332341067,0.246252611,85.50523261,0.281955772,0.2,0.8,0.3,1161000,78564.15631
3522,41.64966395,2.334312117,0.198731647,97.68022434,0.257209765,0.2,0.8,0.6,2622000,323713.9218
4709,60.80229005,2.46469366,0.268621766,76.98588156,0.226964053,0.2,0.8,0.6,3809000,414962.917
3789,81.77427769,2.64999567,0.204126663,59.94596035,0.102065497,0.2,0.8,0.3,2889000,70768.13268
3175,104.0882458,2.496418819,0.190256897,76.91589026,0.171919039,0.2,0.8,0.3,2275000,93867.79524
2835,101.8456328,2.42920768,0.208600449,28.26936615,0.214696384,0.2,0.8,0.3,1935000,99705.00081
4059,100.8615412,2.263742771,0.277654999,15.92017961,0.331956114,0.2,0.8,0.3,3159000,251675.8473
3277,61.58241678,2.207042522,0.314557723,87.49996165,0.35,0.2,0.8,0.6,2377000,399336
4496,68.99360313,2.509890361,0.220138427,53.04808811,0.180124033,0.2,0.8,0.6,3596000,310908.4911
3397,44.44225215,2.51069226,0.096862536,12.52112303,0.118085138,0.5727515,0.4272485,0.6,2497000,75586.73404
4430,42.38544897,2.415377389,0.171168029,98.71063966,0.20289532,0.2,0.8,0.6,3530000,343785.8295
3678,109.1892959,2.557470201,0.185539941,91.86869872,0.13903487,0.2,0.8,0.3,2778000,92697.32864
1737,56.7281893,2.366959556,0.116094618,76.30177208,0.199567531,0.2,0.8,0.6,837000,80178.25118
1106,117.3804024,2.613516766,0.136936928,21.31725067,0.086710081,0.623921029,0.376078971,0.3,206000,2015.287992
4862,69.48045962,2.356397859,0.196405946,53.81292359,0.245004044,0.2,0.8,0.6,3962000,465938.8899
4274,64.17015603,2.450222378,0.200347192,94.75350637,0.200062407,0.2,0.8,0.6,3374000,324005.0688
1933,65.25641805,2.315030737,0.137164351,40.339405,0.236066807,0.2,0.8,0.6,1033000,117051.3657
2574,102.3281388,2.342216977,0.274933014,75.07142031,0.291358019,0.2,0.8,0.3,1674000,117055.9976
1442,75.58546799,2.553947306,0.327118152,13.52720842,0.211585423,0.2,0.8,0.6,542000,55046.06366
2062,108.1270106,2.32518506,0.090727588,46.37034292,0.207771264,0.2,0.8,0.3,1162000,57943.25003
3315,60.34174781,2.42099719,0.126212984,62.00680862,0.177607897,0.2,0.8,0.6,2415000,205883.0747
2446,45.0755978,2.50053644,0.273189738,39.65871277,0.211326649,0.2,0.8,0.6,1546000,156821.2795
1504,98.90135681,2.63586113,0.117694022,17.62234249,0.065916446,0.9,0.1,0.3,604000,1194.406003
3591,95.81625958,2.33063591,0.239340168,24.58177984,0.279352129,0.2,0.8,0.3,2691000,180416.7789
4796,115.3209847,2.44827476,0.25654907,50.21748391,0.229137155,0.2,0.8,0.3,3896000,214252.4053
3638,91.62906089,2.351896689,0.322995739,73.67847827,0.310549525,0.2,0.8,0.3,2738000,204068.3038
2913,66.11815925,2.311620304,0.305874695,94.13971902,0.322127196,0.2,0.8,0.6,2013000,311252.1816
4637,82.32092082,2.511791447,0.081587601,49.39456839,0.109898077,0.2,0.8,0.3,3737000,98565.387
4403,103.2834952,2.302771303,0.272335283,71.67898368,0.30978199,0.2,0.8,0.3,3503000,260439.9145
4110,62.68500859,2.56850146,0.262978235,70.32648199,0.172238387,0.2,0.8,0.6,3210000,265384.9074
1224,88.40456081,2.540335285,0.348241567,20.11976084,0.228953141,0.2,0.8,0.3,324000,17803.39622
3207,76.0025001,2.624561452,0.055986271,5.3028127,0.05,0.9,0.1,0.6,2307000,6921
1150,97.46339982,2.408757148,0.091398204,21.06354234,0.166320528,0.2,0.8,0.3,250000,9979.231687
1843,81.89726803,2.230961468,0.074352515,99.54423478,0.246695524,0.2,0.8,0.3,943000,55832.13088
4493,107.5144588,2.270438924,0.195751632,87.08751932,0.287656354,0.2,0.8,0.3,3593000,248051.8271
2262,85.14085844,2.308454313,0.08583765,83.32295639,0.213691668,0.2,0.8,0.3,1362000,69851.53259
3503,74.09511082,2.516070206,0.096203034,86.83903199,0.115066414,0.2,0.8,0.6,2603000,143768.5799
3090,93.84345251,2.247936639,0.337194459,15.8099239,0.35,0.2,0.8,0.3,2190000,183960
4142,106.3991812,2.512041327,0.312841803,63.27988479,0.225400238,0.2,0.8,0.3,3242000,175379.4168
1147,46.00962169,2.577331335,0.31492274,88.72404264,0.193795702,0.2,0.8,0.6,247000,22976.41845
4727,59.30379734,2.311182826,0.290307749,64.57828753,0.314562462,0.2,0.8,0.6,3827000,577838.6595
4219,81.42399157,2.356129052,0.172741487,51.31196368,0.233306217,0.2,0.8,0.3,3319000,185842.4005
2653,43.81451229,2.64667677,0.211691977,72.83830544,0.107507604,0.2,0.8,0.6,1753000,90461.19791
2702,93.50455661,2.355353096,0.27670258,85.1410162,0.285674742,0.2,0.8,0.3,1802000,123548.6125
1255,52.53807815,2.599187364,0.195929812,67.54946448,0.123371224,0.2,0.8,0.6,355000,21022.45656
4384,52.54892372,2.39978088,0.107207427,76.72343352,0.178713274,0.2,0.8,0.6,3484000,298865.7816
3080,84.58288357,2.257896865,0.310310729,3.727897198,0.35,0.218977747,0.781022253,0.3,2180000,178775.9936
4441,58.830341,2.539110473,0.310501129,41.17283006,0.210695328,0.2,0.8,0.6,3541000,358114.6357
4342,99.24616204,2.282210963,0.208977209,50.71563374,0.288383123,0.2,0.8,0.3,3442000,238227.5305
3136,110.185659,2.251317998,0.304425713,92.28339047,0.35,0.2,0.8,0.3,2236000,187824
4678,90.76599096,2.399027405,0.245034959,78.66903213,0.248003777,0.2,0.8,0.3,3778000,224869.9845
2482,73.97974472,2.258004507,0.238760433,31.31347721,0.315377963,0.2,0.8,0.6,1582000,239485.4102
2757,55.03767029,2.323117353,0.320054691,75.97357833,0.323468669,0.2,0.8,0.6,1857000,288327.0329
2968,69.44585219,2.608897357,0.343700806,56.36524699,0.192401725,0.2,0.8,0.6,2068000,190985.6479
4133,74.94296187,2.371748173,0.190484788,88.34360427,0.234368308,0.2,0.8,0.6,3233000,363702.1145
4220,92.86117972,2.441478187,0.160033859,60.89245392,0.184277836,0.2,0.8,0.3,3320000,146832.5798
1255,63.85573172,2.632014497,0.25037737,22.91974201,0.134181437,0.242329005,0.757670995,0.6,355000,21654.72649
2758,60.14343612,2.443575767,0.212924683,30.31762874,0.209674458,0.2,0.8,0.6,1858000,186996.0685
4278,110.3416673,2.341941346,0.110557351,40.50939037,0.209308003,0.2,0.8,0.3,3378000,169690.1839
3775,118.0903565,2.301973679,0.069439787,18.77817175,0.208733054,0.2,0.8,0.3,2875000,144025.8073
2550,108.2507112,2.479405118,0.070288157,56.58186286,0.120441519,0.2,0.8,0.3,1650000,47694.84161
2578,73.33366568,2.459336527,0.266916777,63.45907059,0.228790125,0.2,0.8,0.6,1678000,184276.7182
1022,53.69440095,2.403094916,0.320640739,97.00401742,0.283772911,0.2,0.8,0.6,122000,16617.74168
2609,52.54460908,2.615559226,0.160565805,15.35281688,0.097503289,0.685130648,0.314869352,0.6,1709000,31480.59787
4655,53.91957754,2.241228173,0.213674693,98.37885721,0.31122326,0.2,0.8,0.6,3755000,560948.8035
2720,105.4291247,2.263855522,0.148722199,30.20019861,0.267433338,0.2,0.8,0.3,1820000,116814.8822
2659,51.32918234,2.447353113,0.231169984,48.26664328,0.216908435,0.2,0.8,0.6,1759000,183140.1302
1644,73.90377654,2.501855576,0.223664351,87.18832931,0.185904388,0.2,0.8,0.6,744000,66390.17488
2532,111.4003939,2.341641505,0.089250188,50.90980097,0.198804341,0.2,0.8,0.3,1632000,77867.68442
2173,59.61587914,2.413223794,0.108509932,45.80846754,0.172643069,0.2,0.8,0.6,1273000,105491.8208
2562,89.87840186,2.485087194,0.17251927,57.8126051,0.168716038,0.2,0.8,0.3,1662000,67297.45312
1957,112.1911983,2.221137787,0.234740518,18.16740679,0.331801365,0.2,0.8,0.3,1057000,84171.37038
3004,90.68164504,2.270607062,0.174729505,5.46069653,0.277061221,0.238561562,0.761438438,0.3,2104000,133161.1482
4069,44.69098272,2.553677497,0.216921378,67.06700038,0.156621941,0.2,0.8,0.6,3169000,238240.7665
1557,49.83399549,2.536538251,0.067026965,20.65289902,0.090244357,0.594536977,0.405463023,0.6,657000,14424.07354
2798,98.20077074,2.490879657,0.123514684,48.8660684,0.141317514,0.2,0.8,0.3,1898000,64372.95381
4731,45.2880301,2.382970279,0.298530875,45.90214305,0.282780298,0.2,0.8,0.6,3831000,519999.0337
4951,86.09132247,2.320186596,0.125181253,11.89100379,0.227497329,0.2,0.8,0.3,4051000,221182.0031
2973,88.06708902,2.456335175,0.222599073,68.32546653,0.208131949,0.2,0.8,0.3,2073000,103549.8071
4653,53.6118374,2.268125221,0.229844534,37.31951073,0.305859657,0.2,0.8,0.6,3753000,550987.8196
4835,104.7292994,2.599237708,0.236308317,55.58902862,0.143535305,0.2,0.8,0.3,3935000,135554.7417
2327,73.09092702,2.502821905,0.247091786,33.51851187,0.19713494,0.2,0.8,0.6,1427000,135029.5487
2565,58.09714294,2.59189856,0.156400995,59.7882284,0.107251217,0.2,0.8,0.6,1665000,85715.17273
2924,58.92347696,2.52602983,0.340753589,92.18139256,0.232361879,0.2,0.8,0.6,2024000,225744.2131
1666,101.2253897,2.315499137,0.164863116,14.99604235,0.249681989,0.2,0.8,0.3,766000,45901.53689
3017,80.09860944,2.52822935,0.334205374,12.71064487,0.227988012,0.2,0.8,0.3,2117000,115836.1492
4579,53.81142397,2.352756767,0.222134128,28.08906767,0.259688681,0.2,0.8,0.6,3679000,458589.4352
4647,92.09696503,2.215760577,0.347793984,57.24572689,0.35,0.2,0.8,0.3,3747000,314748
1374,79.12429694,2.51135106,0.316034789,37.37115651,0.227341864,0.2,0.8,0.6,474000,51724.82094
3574,66.10434473,2.591631951,0.302076109,11.51954091,0.180222079,0.267269154,0.732730846,0.6,2674000,211867.8811
2677,103.8459903,2.617021457,0.343234411,67.51866803,0.188106477,0.2,0.8,0.3,1777000,80223.65037
3401,72.35742053,2.638195429,0.06334276,57.25800267,0.05,0.698592304,0.301407696,0.6,2501000,22614.61944
4247,60.58413504,2.285361377,0.200366813,88.06671438,0.282502718,0.2,0.8,0.6,3347000,453857.5662
3587,42.58987895,2.405334581,0.112311525,8.658039488,0.178488472,0.362543478,0.637456522,0.6,2687000,183433.924
2986,58.87212309,2.546172414,0.067740077,14.59639466,0.085783831,0.9,0.1,0.6,2086000,10736.70432
2456,80.48388996,2.400144094,0.225124202,73.89583379,0.237490054,0.2,0.8,0.3,1556000,88688.28592
3508,85.14998964,2.535388231,0.053642288,70.75561814,0.084127029,0.2,0.8,0.3,2608000,52656.78994
3280,71.7066379,2.442474103,0.323087024,95.84137536,0.265306461,0.2,0.8,0.6,2380000,303086.1008
2257,51.41391994,2.417734537,0.213581116,76.22328457,0.22292329,0.2,0.8,0.6,1357000,145203.3139
3549,106.0761544,2.278454206,0.139070418,84.50462776,0.255308106,0.2,0.8,0.3,2649000,162314.6815
1385,91.32483086,2.543455273,0.229710709,5.050425585,0.168127718,0.700476207,0.299523793,0.3,485000,7327.125627
1332,79.31080141,2.244302106,0.219320641,17.20465965,0.312509267,0.2,0.8,0.6,432000,64801.92167
1280,94.85385675,2.309191861,0.110961342,82.09160085,0.225884741,0.2,0.8,0.3,380000,20600.68838
3806,100.716728,2.445307914,0.168285002,16.16164317,0.186488544,0.2,0.8,0.3,2906000,130064.5702
1676,101.5890736,2.35209988,0.193761503,33.58933951,0.245830811,0.2,0.8,0.3,776000,45783.53029
1884,119.411877,2.297001039,0.27494773,89.49033853,0.313973346,0.2,0.8,0.3,984000,74147.94534
1099,100.6861948,2.648330254,0.309706443,16.19835237,0.155688094,0.254693788,0.745306212,0.3,199000,6927.307633
2599,79.89564452,2.201782796,0.347095667,85.25470734,0.35,0.2,0.8,0.6,1699000,285432
3413,50.92833513,2.226945468,0.133982164,9.168022594,0.278518348,0.2,0.8,0.6,2513000,335959.9723
4191,46.93314498,2.566566577,0.288952849,6.983109423,0.186193136,0.413070158,0.586929842,0.6,3291000,215788.845
2119,72.35432337,2.646921267,0.340576032,71.93541889,0.171827382,0.2,0.8,0.6,1219000,100539.638
3010,49.32879423,2.511095597,0.146058808,3.155067903,0.142481606,0.9,0.1,0.6,2110000,18038.17128
1769,46.97269331,2.562860879,0.285073724,38.36019257,0.186106423,0.2,0.8,0.6,869000,77628.71097
4091,82.32140044,2.35591218,0.272348186,93.18066447,0.283218003,0.2,0.8,0.3,3191000,216899.6753
2364,88.10095894,2.596125464,0.311371682,66.31262092,0.182623109,0.2,0.8,0.3,1464000,64166.45563
3602,58.97935374,2.633878016,0.104919991,56.92209229,0.060520987,0.479630877,0.520369123,0.6,2702000,51056.862
4229,72.86233074,2.305815745,0.155364191,94.26282018,0.249774223,0.2,0.8,0.6,3329000,399119.2262
3357,47.88671236,2.212891439,0.111777015,20.5943523,0.274442788,0.2,0.8,0.6,2457000,323666.8462
4341,43.12838362,2.297066737,0.051169332,19.32532527,0.202051298,0.2,0.8,0.6,3441000,333724.0874
2350,104.0793879,2.47162228,0.274359964,50.66720525,0.226368842,0.2,0.8,0.3,1450000,78776.35696
3475,40.90162054,2.203077087,0.316897977,11.06360011,0.35,0.2,0.8,0.6,2575000,432600
1664,118.0616202,2.565378142,0.052400632,94.94277849,0.068511245,0.224395606,0.775604394,0.3,764000,12179.14305
1821,104.3083749,2.543427148,0.287016642,75.91216131,0.196794747,0.2,0.8,0.3,921000,43499.5108
4525,110.0991998,2.630870351,0.251782529,7.52998712,0.135456089,0.723783539,0.276216461,0.3,3625000,40689.03172
3662,70.70090044,2.224682743,0.136676921,67.229423,0.280997089,0.2,0.8,0.6,2762000,372534.701
2746,56.47018029,2.41455062,0.091712978,73.96831941,0.163581179,0.2,0.8,0.6,1846000,144946.011
4641,104.2131564,2.647568462,0.252266642,56.1793265,0.12734909,0.2,0.8,0.3,3741000,114339.107
3299,51.05941145,2.239217752,0.163528351,39.31920354,0.287155299,0.2,0.8,0.6,2399000,330665.0703
2135,64.5147779,2.348681724,0.327247989,53.72260487,0.314283132,0.2,0.8,0.6,1235000,186307.0408
2385,45.95139536,2.541784192,0.094439203,47.3300887,0.101327506,0.20578228,0.79421772,0.6,1485000,71704.20569
4520,58.76605589,2.42766351,0.146486936,19.19603695,0.184411713,0.2,0.8,0.6,3620000,320433.7923
4381,117.8304923,2.539664332,0.245118779,79.43819779,0.177727224,0.2,0.8,0.3,3481000,148480.4319
2811,106.5085287,2.331424264,0.162849182,51.75343751,0.240712459,0.2,0.8,0.3,1911000,110400.3622
2664,110.5051695,2.625137752,0.178282304,40.49616467,0.101572276,0.239351271,0.760648729,0.3,1764000,40886.42738
4715,104.1699855,2.49166967,0.248746331,16.21540382,0.203538331,0.2,0.8,0.3,3815000,186359.6955
4736,93.49500419,2.255899769,0.278599073,17.13949395,0.336349652,0.2,0.8,0.3,3836000,309656.9437
1848,85.52752454,2.438137999,0.271507417,88.61354845,0.241684709,0.2,0.8,0.3,948000,54988.10504
1081,48.12845336,2.534892865,0.139588255,90.70849328,0.127347695,0.2,0.8,0.6,181000,11063.96775
3760,89.49874759,2.291137998,0.09822476,48.23095849,0.228543381,0.2,0.8,0.3,2860000,156872.1766
3067,59.44492583,2.617385431,0.103561905,71.96044229,0.068088237,0.299751936,0.700248064,0.6,2167000,61991.78876
3955,80.21279309,2.201790921,0.317245082,21.12444047,0.35,0.2,0.8,0.3,3055000,256620
3356,107.4520555,2.598990438,0.247309708,33.83929451,0.149159635,0.2,0.8,0.3,2456000,87920.65535
3262,89.79182297,2.613509134,0.328022932,12.75471412,0.182256899,0.236026799,0.763973201,0.3,2362000,98665.02948
2681,73.21395774,2.323413072,0.196643555,19.81039508,0.261615241,0.2,0.8,0.6,1781000,223649.6373
2679,62.73680293,2.251340759,0.299027121,8.037167311,0.348843181,0.2,0.8,0.6,1779000,297884.169
2424,79.99335423,2.361104454,0.192961266,60.48879966,0.240928406,0.2,0.8,0.6,1524000,176243.9476
3459,116.1899006,2.593399247,0.113084084,55.17007004,0.084842418,0.251808501,0.748191499,0.3,2559000,48732.34929
4988,42.89019293,2.293581012,0.348714706,11.71055844,0.35,0.2,0.8,0.6,4088000,686784
2370,69.63030802,2.563029201,0.096946736,20.499987,0.091958768,0.576846325,0.423153675,0.6,1470000,34320.99294
3575,104.2901082,2.377839043,0.144446035,86.61029068,0.208303496,0.2,0.8,0.3,2675000,133730.8443
4023,97.50522103,2.618098396,0.075424665,24.15401913,0.053663135,0.9,0.1,0.3,3123000,5027.699079
1891,80.80368427,2.225421243,0.208920383,95.45521681,0.31674957,0.2,0.8,0.3,991000,75335.71774
2083,103.545222,2.56842466,0.316015294,58.73557702,0.198795317,0.2,0.8,0.3,1183000,56441.96631
1092,50.76563276,2.535418243,0.208090791,62.66385815,0.161336274,0.2,0.8,0.6,192000,14868.751
2009,108.6613988,2.252480704,0.235312409,42.11722964,0.316415853,0.2,0.8,0.3,1109000,84217.24334
2547,103.3188993,2.228942969,0.102959008,87.97425927,0.262008019,0.2,0.8,0.3,1647000,103566.5299
2956,83.07151067,2.326490782,0.168522442,85.8234925,0.24601583,0.2,0.8,0.3,2056000,121394.0511
1485,114.2287084,2.59834566,0.092157028,14.58177649,0.071905684,0.9,0.1,0.3,585000,1261.944763
2911,85.94019819,2.627894992,0.226973875,43.77618496,0.124539442,0.2,0.8,0.3,2011000,60107.71606
1008,41.49292992,2.523041856,0.146316911,39.65106483,0.136637527,0.2,0.8,0.6,108000,7083.289422
1075,80.90209879,2.485702453,0.337013295,31.75788442,0.250655421,0.2,0.8,0.3,175000,10527.52768
3912,58.54700626,2.600163474,0.099015426,71.77726391,0.074425976,0.251515076,0.748484924,0.6,3012000,100673.1865
4312,103.2625095,2.265367229,0.340495539,18.76879383,0.35,0.2,0.8,0.3,3412000,286608
3111,103.7933833,2.329330071,0.108123184,64.48072701,0.214396556,0.2,0.8,0.3,2211000,113767.3887
1498,54.81661612,2.25876634,0.103673184,12.44580912,0.247453422,0.2,0.8,0.6,598000,71029.03017
1320,76.11061474,2.32946612,0.266507665,84.64999912,0.293520773,0.2,0.8,0.6,420000,59173.78775
1671,114.9799529,2.31152455,0.243384757,43.52417817,0.290930103,0.2,0.8,0.3,771000,53833.70631
2320,108.9408135,2.294504054,0.242604348,99.58108946,0.299050147,0.2,0.8,0.3,1420000,101916.2901
2004,87.96827229,2.633302184,0.173383328,60.04359579,0.095040572,0.2,0.8,0.3,1104000,25181.94997
1333,41.04057056,2.494574285,0.071009269,18.8577061,0.113217492,0.413698625,0.586301375,0.6,433000,17245.4126
4199,95.84789505,2.406319846,0.17669155,6.653815527,0.210185852,0.340190581,0.659809419,0.3,3299000,137254.1742
2761,79.32766023,2.35194009,0.245858388,40.77437076,0.271959149,0.2,0.8,0.6,1861000,242935.6688
3168,102.7716451,2.497673703,0.217982628,60.43693256,0.185154462,0.2,0.8,0.3,2268000,100783.277
1044,86.89124943,2.484212513,0.116264255,96.9847302,0.141025871,0.2,0.8,0.3,144000,4873.854105
4918,97.61363977,2.425505218,0.094460903,67.36361372,0.159477842,0.2,0.8,0.3,4018000,153787.6728
4509,52.44247335,2.636326405,0.261919876,39.14138715,0.137796736,0.2,0.8,0.6,3609000,238708.0409
3255,111.3973593,2.300292633,0.292828977,79.92933645,0.321268172,0.2,0.8,0.3,2355000,181580.7708
4915,109.0561909,2.49403006,0.182753709,50.09534201,0.169361825,0.2,0.8,0.3,4015000,163197.0543
4518,80.48537841,2.461903625,0.212117023,33.86864828,0.200106699,0.2,0.8,0.3,3618000,173756.6486
3762,66.38212259,2.280269445,0.234008587,8.434583998,0.301869571,0.2,0.8,0.6,2862000,414696.3419
3304,93.60182597,2.397714094,0.243435697,11.1662646,0.247860802,0.2,0.8,0.3,2404000,143005.768
1874,81.26699491,2.489993563,0.252063445,39.4872431,0.206034941,0.2,0.8,0.3,974000,48162.72785
4141,106.0332783,2.348247729,0.348442698,66.39781942,0.325097485,0.2,0.8,0.3,3241000,252873.8275
3207,119.7800563,2.547271912,0.263793322,97.49877407,0.183260705,0.2,0.8,0.3,2307000,101467.7871
3663,68.27429902,2.643674545,0.181689075,5.350671398,0.094007265,0.9,0.1,0.6,2763000,15584.52437
2694,95.75141706,2.503823097,0.262071072,8.732690815,0.204123987,0.274829805,0.725170195,0.3,1794000,79666.85682
1157,102.4499176,2.393586858,0.113563579,88.43628924,0.184988361,0.2,0.8,0.3,257000,11410.08209
3382,95.15744223,2.63972752,0.207553937,85.54486809,0.108913208,0.2,0.8,0.3,2482000,64877.42003
3306,84.94252825,2.548633463,0.306220938,88.85684027,0.203793738,0.2,0.8,0.3,2406000,117678.6559
3409,58.6563781,2.206234743,0.261295672,84.30802348,0.35,0.2,0.8,0.6,2509000,421512
1795,75.03600744,2.352638823,0.13942073,82.94864959,0.218390953,0.2,0.8,0.6,895000,93820.75359
1104,99.10682918,2.604666099,0.255354731,60.89704513,0.150344316,0.2,0.8,0.3,204000,7360.857713
4393,88.66963021,2.571350052,0.300711968,64.95059259,0.189680958,0.2,0.8,0.3,3493000,159013.3407
4941,73.68346706,2.430241418,0.067833385,89.1583837,0.143795984,0.2,0.8,0.6,4041000,278918.1934
1614,115.9932575,2.623945756,0.333386925,41.99166252,0.179720585,0.2,0.8,0.3,714000,30796.91939
4969,79.34493794,2.272899461,0.300086159,70.02131418,0.338593349,0.2,0.8,0.6,4069000,661313.4416
2210,87.94932351,2.358585169,0.2477912,91.848862,0.269603015,0.2,0.8,0.3,1310000,84763.18806
4624,74.02968731,2.375658075,0.237475833,26.21488297,0.255908879,0.2,0.8,0.6,3724000,457442.2397
3873,89.83885054,2.533933822,0.218816395,71.88023993,0.167441286,0.2,0.8,0.3,2973000,119472.7066
2881,59.20951328,2.299442269,0.296204452,12.9406232,0.323381092,0.2,0.8,0.6,1981000,307496.6124
1300,110.2420751,2.371558709,0.295674653,3.819643192,0.287057972,0.31771519,0.68228481,0.3,400000,23502.6353
4158,79.58748914,2.562645756,0.271138198,30.42699846,0.179246221,0.2,0.8,0.6,3258000,280312.4104
4790,67.85915122,2.620541425,0.216151438,23.30857119,0.122805006,0.284480306,0.715519694,0.6,3890000,205087.1806
2550,98.122094,2.456337583,0.184208303,47.99377022,0.18893536,0.2,0.8,0.3,1650000,74818.40254
1852,92.83483581,2.433967709,0.315173821,75.07664137,0.265603056,0.2,0.8,0.3,952000,60684.98628
4028,101.2995701,2.405307658,0.267986685,15.90830805,0.256339513,0.2,0.8,0.3,3128000,192439.1996
1487,40.3680439,2.503264591,0.311730049,98.96011965,0.229232729,0.2,0.8,0.6,587000,64588.61377
4451,48.73505052,2.440428067,0.297267251,80.79836478,0.253419592,0.2,0.8,0.6,3551000,431948.6264
2536,74.21106504,2.593209018,0.221669352,65.7822952,0.139230167,0.2,0.8,0.6,1636000,109334.6655
3942,99.50044829,2.462219627,0.23438581,94.57680638,0.211083092,0.2,0.8,0.3,3042000,154107.5436
2610,48.30817183,2.374234047,0.238010601,83.13855946,0.256888277,0.2,0.8,0.6,1710000,210853.8976
4467,50.14963652,2.388202018,0.187309291,6.71005887,0.224553637,0.295551715,0.704448285,0.6,3567000,338550.5856
2087,56.96989893,2.42851429,0.323753613,69.4178924,0.272619661,0.2,0.8,0.6,1187000,155327.7782
4734,103.1396736,2.214476928,0.304893401,91.29385277,0.35,0.2,0.8,0.3,3834000,322056
2498,62.23741079,2.237940098,0.155932608,80.07732828,0.283996255,0.2,0.8,0.6,1598000,217836.4875
1515,63.84252638,2.380031773,0.345902597,96.98452841,0.307935412,0.2,0.8,0.6,615000,90902.53361
4508,94.08118513,2.534117579,0.312686644,10.16811994,0.214284533,0.214179397,0.785820603,0.3,3608000,182264.4709
1938,106.2931121,2.353848363,0.150303089,74.83082499,0.223227363,0.2,0.8,0.3,1038000,55610.40067
2455,89.65661136,2.604718473,0.148153003,38.82548801,0.096717265,0.275343648,0.724656352,0.3,1555000,32695.48305
2321,68.3400888,2.443637725,0.312523334,19.69594591,0.259442805,0.2,0.8,0.6,1421000,176960.7481
4316,77.27556118,2.226416176,0.327362906,36.45793262,0.35,0.2,0.8,0.6,3416000,573888
2385,50.44004467,2.30716574,0.255074981,14.47102116,0.29895462,0.2,0.8,0.6,1485000,213094.8533
1744,89.67619552,2.427770927,0.120937603,89.32724889,0.171583338,0.2,0.8,0.3,844000,34755.92094
1067,104.0335011,2.538571144,0.201119794,39.39329767,0.156274325,0.2,0.8,0.3,167000,6263.474959
2214,62.04462155,2.598837704,0.278179329,31.50679884,0.164670813,0.2,0.8,0.6,1314000,103861.1751
2601,89.89914544,2.634443734,0.244828211,99.54299013,0.130192238,0.2,0.8,0.3,1701000,53149.67937
1625,114.8540627,2.492827245,0.297207971,75.88420915,0.227190363,0.2,0.8,0.3,725000,39531.12318
3264,46.3324484,2.48913178,0.337850023,92.30191652,0.249359121,0.2,0.8,0.6,2364000,282952.7822
1067,109.0374608,2.243509981,0.220039801,99.29867269,0.31326491,0.2,0.8,0.3,167000,12555.65759
1406,114.2876677,2.643895047,0.184706617,64.14425732,0.095405785,0.2,0.8,0.3,506000,11586.07851
4100,92.34567467,2.448090858,0.321203699,25.32147216,0.26155642,0.2,0.8,0.3,3200000,200875.3309
4066,99.99068398,2.234080361,0.228461245,46.48050469,0.322190442,0.2,0.8,0.3,3166000,244813.1856
2720,87.009896,2.270798958,0.206432741,10.27569337,0.292816891,0.2,0.8,0.3,1820000,127902.4181
2817,42.53930367,2.326308975,0.305687332,11.76094732,0.314689179,0.2,0.8,0.6,1917000,289564.3948
2646,87.27432227,2.435576012,0.252030832,68.17747248,0.23322741,0.2,0.8,0.3,1746000,97731.61393
4152,85.71025892,2.376132516,0.197684129,75.66315761,0.235775806,0.2,0.8,0.3,3252000,184018.3012
2846,110.0597726,2.463600503,0.160287837,19.82092507,0.173343667,0.2,0.8,0.3,1946000,80958.42637
4522,102.6095474,2.57537703,0.152984591,4.708931782,0.113803781,0.9,0.1,0.3,3622000,12365.91882
3421,68.69816033,2.523039846,0.314160957,50.9065403,0.220560556,0.2,0.8,0.6,2521000,266895.9173
2355,47.40193819,2.526004392,0.329242142,46.90970059,0.226618875,0.2,0.8,0.6,1455000,158270.6222
2986,80.78663516,2.250389111,0.155626272,48.82935911,0.277618581,0.2,0.8,0.3,2086000,138986.9662
3319,75.05868785,2.362489948,0.076723385,57.48953325,0.182116718,0.2,0.8,0.6,2419000,211459.3638
2369,98.90773197,2.38748177,0.069717887,71.82093921,0.166118058,0.2,0.8,0.3,1469000,58566.58268
1726,74.60111074,2.347651342,0.338027553,75.56687398,0.320188105,0.2,0.8,0.6,826000,126948.1801
2860,54.77656604,2.527098702,0.171213985,59.96574508,0.147057642,0.2,0.8,0.6,1960000,138351.8292
3744,40.1981651,2.364508458,0.137317409,9.381702994,0.211404475,0.23850087,0.76149913,0.6,2844000,274703.6502
1295,78.47242853,2.640700739,0.10955778,72.29053836,0.059428521,0.391677569,0.608322431,0.6,395000,8567.953415
2103,46.46185559,2.58786672,0.279008483,95.69269888,0.170570882,0.2,0.8,0.6,1203000,98494.45006
1208,118.4284246,2.564495052,0.102799077,4.856348815,0.094152012,0.9,0.1,0.3,308000,869.9645951
4998,69.21713132,2.502688323,0.208447381,3.408540911,0.177879529,0.9,0.1,0.6,4098000,43737.01848
1513,84.2983149,2.608603432,0.348640594,9.270532656,0.195018581,0.283624229,0.716375771,0.3,613000,25692.04119
1278,104.1884197,2.203581228,0.339558002,86.04500142,0.35,0.2,0.8,0.3,378000,31752
4768,110.3961007,2.639018263,0.082558227,7.91232542,0.05,0.9,0.1,0.3,3868000,5802
3047,98.81142896,2.48343965,0.227740522,25.16595607,0.197150436,0.2,0.8,0.3,2147000,101587.6765
1389,103.6116448,2.312274599,0.272508672,30.72641209,0.305117037,0.2,0.8,0.3,489000,35808.53541
4638,92.57600779,2.358711039,0.170003028,10.03954579,0.230645995,0.2,0.8,0.3,3738000,206917.1348
3615,116.0825408,2.567326382,0.293956775,13.50393507,0.188315197,0.208818476,0.791181524,0.3,2715000,121353.5803
3249,74.56526342,2.580163509,0.226994258,14.95174977,0.148415374,0.303633857,0.696366143,0.6,2349000,145663.5219
4797,60.48611934,2.284823469,0.09856546,10.87541718,0.231870996,0.2,0.8,0.6,3897000,433728.6097
1845,85.35977891,2.210268547,0.332778776,86.51319491,0.35,0.2,0.8,0.3,945000,79380
3275,99.111395,2.370314241,0.236750085,84.24642045,0.258217922,0.2,0.8,0.3,2375000,147184.2154
1822,115.8447477,2.216444703,0.086340715,9.374877953,0.259948006,0.2,0.8,0.3,922000,57521.29479
4224,62.84371818,2.358340347,0.209196404,4.668766426,0.250428029,0.341532458,0.658467542,0.6,3324000,328874.0242
3947,104.7387645,2.621379272,0.211591282,73.81170067,0.120106005,0.2,0.8,0.3,3047000,87831.11922
4665,98.14466888,2.274350573,0.303978128,36.41087075,0.339813777,0.2,0.8,0.3,3765000,307055.7291
2338,107.2421632,2.229093656,0.14256116,46.53950973,0.281733752,0.2,0.8,0.3,1438000,97231.95249
2284,55.53351102,2.251989467,0.135570127,57.73822823,0.26679033,0.2,0.8,0.6,1384000,177234.1522
2269,91.74153373,2.230040755,0.165557045,46.74330549,0.292758145,0.2,0.8,0.3,1369000,96188.61603
4502,103.9593605,2.526773078,0.158047627,75.2711246,0.140637274,0.2,0.8,0.3,3602000,121578.111
3367,47.4460278,2.474463459,0.22169294,9.504002407,0.19861474,0.266729168,0.733270832,0.6,2467000,215573.9534
4719,110.7924134,2.497082741,0.133884889,12.62092792,0.143401074,0.385304343,0.614695657,0.3,3819000,100991.1836
1997,77.87832608,2.608548615,0.08757024,42.62939275,0.064510812,0.563671181,0.436328819,0.6,1097000,18526.96529
1837,95.35857998,2.419224343,0.217355554,21.71679168,0.224065606,0.2,0.8,0.3,937000,50387.8734
3775,40.62686556,2.335455422,0.07130559,2.054505855,0.192925084,0.9,0.1,0.6,2875000,33279.57704
3514,92.49290574,2.32549919,0.092219379,45.48435921,0.208360094,0.2,0.8,0.3,2614000,130716.7889
3620,80.62949531,2.301072644,0.19817635,74.24385586,0.273551853,0.2,0.8,0.3,2720000,178574.6495
1637,105.7997024,2.395211567,0.064539313,25.53918071,0.159663873,0.2,0.8,0.3,737000,28241.34588
3664,44.51934297,2.440039125,0.121630687,50.44245455,0.165795781,0.2,0.8,0.6,2764000,219964.5787
2148,64.24898068,2.379814237,0.329496772,18.65066507,0.299841268,0.2,0.8,0.6,1248000,179616.913
2180,49.20060749,2.351628334,0.310112202,18.68372572,0.304241934,0.2,0.8,0.6,1280000,186926.2443
3184,116.7713013,2.329221116,0.184723025,43.29408553,0.252750954,0.2,0.8,0.3,2284000,138547.9632
4500,108.6627877,2.231558955,0.116433686,32.30241152,0.267437365,0.2,0.8,0.3,3600000,231065.8836
1511,67.60823701,2.391621239,0.072868209,91.7280372,0.165623485,0.2,0.8,0.6,611000,48574.05565
4638,107.4205778,2.287759655,0.297488265,25.69766206,0.329864305,0.2,0.8,0.3,3738000,295927.8651
3314,73.28564336,2.314869284,0.085004634,72.43604086,0.210067675,0.2,0.8,0.6,2414000,243409.6162
3186,56.61686538,2.532047952,0.056104561,63.13846138,0.087028304,0.209114892,0.790885108,0.6,2286000,94406.39105
1208,56.76776382,2.215050891,0.107103829,53.96756953,0.271026469,0.2,0.8,0.6,308000,40068.55317
3554,50.0852507,2.639137341,0.229140304,93.62469598,0.120001482,0.2,0.8,0.6,2654000,152872.2875
2339,79.85955687,2.458554292,0.161175965,52.46301059,0.176310836,0.2,0.8,0.6,1439000,121781.421
2077,93.32534458,2.252045035,0.147693631,13.33119428,0.272824298,0.2,0.8,0.3,1177000,77067.40773
1891,117.6538202,2.588291658,0.235967933,27.54137016,0.148838137,0.2,0.8,0.3,991000,35399.66259
4996,97.72840766,2.505423544,0.226667648,46.57470757,0.185622052,0.2,0.8,0.3,4096000,182473.9019
3786,43.31562977,2.634861881,0.287158163,32.95561364,0.151148141,0.2,0.8,0.6,2886000,209382.4968
2631,43.81701953,2.602049958,0.222448534,73.37341127,0.135199288,0.2,0.8,0.6,1731000,112334.3842
2862,119.3591885,2.221590128,0.21094271,28.72692351,0.319676291,0.2,0.8,0.3,1962000,150529.172
1369,72.38291929,2.58827208,0.213663297,65.03908992,0.137695609,0.2,0.8,0.6,469000,30998.03542
4053,105.3376406,2.412531311,0.124867197,54.38340798,0.181167943,0.2,0.8,0.3,3153000,137093.4058
1506,102.062608,2.528539096,0.189659414,88.85777509,0.155560159,0.2,0.8,0.3,606000,22624.66948
1960,44.07203281,2.546350205,0.077798748,87.82011173,0.090724271,0.2,0.8,0.6,1060000,46160.50933
4096,79.74902052,2.62518488,0.343172433,27.29416633,0.183993776,0.2,0.8,0.6,3196000,282261.1726
2754,43.91886965,2.638011764,0.247039314,14.66791881,0.129513775,0.406442934,0.593557066,0.6,1854000,85514.43326
2534,115.7897465,2.201123788,0.257695484,54.03545911,0.35,0.2,0.8,0.3,1634000,137256
3759,95.54420068,2.579860111,0.089519448,18.03892252,0.079829668,0.869882828,0.130117172,0.3,2859000,8909.110564
1394,52.27788515,2.477639219,0.223286252,68.22915055,0.197823516,0.2,0.8,0.6,494000,46907.91217
4319,55.54474741,2.549844721,0.332758312,69.19637102,0.216456795,0.2,0.8,0.6,3419000,355231.5761
2889,63.68214239,2.573178498,0.263102073,2.402116482,0.169961787,0.9,0.1,0.6,1989000,20283.23972
2243,110.8545754,2.641506575,0.229641482,11.19689614,0.119067453,0.629964708,0.370035292,0.3,1343000,17751.43554
2367,93.13161191,2.211892118,0.349297808,43.59771645,0.35,0.2,0.8,0.3,1467000,123228
3633,62.31169171,2.271251024,0.063026142,66.31441944,0.220887559,0.2,0.8,0.6,2733000,289769.1355
2500,108.9731884,2.230532334,0.265615372,62.79564486,0.342541519,0.2,0.8,0.3,1600000,131535.9433
3168,50.21796612,2.579847434,0.138246812,75.83577127,0.104199689,0.2,0.8,0.6,2268000,113435.9494
3432,43.68357598,2.645861159,0.32027114,47.11317221,0.162204991,0.2,0.8,0.6,2532000,197137.4576
1903,115.842389,2.548122343,0.312860287,14.02385769,0.207368972,0.2,0.8,0.3,1003000,49917.85886
4551,88.4166034,2.280679386,0.116956191,85.69736965,0.243138403,0.2,0.8,0.3,3651000,213047.594
3589,51.01975104,2.378730872,0.06728213,35.22003799,0.169275629,0.2,0.8,0.6,2689000,218487.4398
3757,73.83898315,2.21837234,0.303336907,39.98596182,0.35,0.2,0.8,0.6,2857000,479976
4984,90.38769699,2.515898047,0.114087105,76.15189072,0.124094529,0.2,0.8,0.3,4084000,121632.4937
3845,97.83085204,2.633881339,0.092510966,28.86704325,0.054314813,0.9,0.1,0.3,2945000,4798.71377
3408,108.5867258,2.200086106,0.139881657,10.47807477,0.294897776,0.2,0.8,0.3,2508000,177504.8692
1085,112.4490544,2.201006611,0.157765671,63.9844476,0.30337953,0.2,0.8,0.3,185000,13470.05114
3383,90.2896602,2.465839509,0.084107429,11.72591496,0.13413396,0.473997191,0.526002809,0.3,2483000,52556.30001
4623,56.43487947,2.549030303,0.138926667,16.83076088,0.119948182,0.412960878,0.587039122,0.6,3723000,157291.4086
3833,103.6833852,2.263783117,0.349922132,87.8787763,0.35,0.2,0.8,0.3,2933000,246372
2040,106.5985125,2.561296447,0.275128752,68.3566174,0.181916153,0.2,0.8,0.3,1140000,49772.25939
1609,103.9489311,2.601195548,0.127554313,66.41151648,0.088179383,0.2,0.8,0.3,709000,15004.60373
1848,67.36060616,2.494127107,0.283297685,89.00391251,0.219585289,0.2,0.8,0.6,948000,99920.08973
2769,113.530677,2.3935391,0.060281027,79.76523242,0.158370964,0.2,0.8,0.3,1869000,71038.87942
3055,50.49763315,2.565103485,0.235564082,71.78016601,0.160230299,0.2,0.8,0.6,2155000,165742.2209
1824,79.88733114,2.244630517,0.167527532,3.41615425,0.286448507,0.356754451,0.643245549,0.6,924000,102151.9296
1632,50.71737797,2.314165266,0.134430497,57.5186303,0.235132616,0.2,0.8,0.6,732000,82616.19583
3711,82.886504,2.238913949,0.059417839,49.97607801,0.235251945,0.2,0.8,0.3,2811000,158710.372
2028,86.92442141,2.379391868,0.132320316,55.1073666,0.201464224,0.2,0.8,0.3,1128000,54540.39466
2215,76.72705668,2.268218777,0.088198496,23.35428578,0.23498986,0.2,0.8,0.6,1315000,148325.5993
2896,72.83935917,2.249002709,0.053393485,73.4255782,0.227195388,0.2,0.8,0.6,1996000,217671.3573
1938,78.1877001,2.272160221,0.252614581,97.38002925,0.31522718,0.2,0.8,0.6,1038000,157058.7903
2050,81.9588677,2.294675788,0.111729607,2.486994674,0.233526909,0.737311965,0.262688035,0.3,1150000,21163.93009
2710,112.5278611,2.360462755,0.228073976,38.0941644,0.25880561,0.2,0.8,0.3,1810000,112425.1572
1592,49.7226252,2.340487928,0.318327008,21.00442034,0.31391954,0.2,0.8,0.6,692000,104271.5144
1610,66.45895056,2.267691335,0.0637184,63.51406571,0.223013533,0.2,0.8,0.6,710000,76003.01193
3156,84.56013075,2.376650391,0.127791656,28.93742467,0.200570633,0.2,0.8,0.3,2256000,108596.9633
4869,94.58885933,2.633139577,0.304332915,57.1848532,0.160596669,0.2,0.8,0.3,3969000,152977.9629
3574,63.61598678,2.405242139,0.275185022,49.73254588,0.259971441,0.2,0.8,0.6,2674000,333678.5442
3622,40.59863996,2.380730509,0.120271057,74.37852337,0.194770274,0.2,0.8,0.6,2722000,254479.0488
3712,102.3872584,2.249618321,0.13614667,5.416019814,0.268264174,0.256563221,0.743436779,0.3,2812000,168245.4361
4951,59.11936598,2.254627597,0.259566945,69.35262687,0.327469674,0.2,0.8,0.6,4051000,636758.2319
1380,71.98176256,2.338401312,0.058945755,3.444574511,0.185272222,0.845753488,0.154246512,0.6,480000,8230.347052
4693,58.64214598,2.374037783,0.094550473,47.67355648,0.185256345,0.2,0.8,0.6,3793000,337285.1119
4561,82.97802529,2.223785525,0.094432342,69.61188008,0.260323409,0.2,0.8,0.3,3661000,228730.56
3131,90.48140254,2.385011283,0.34495132,40.05590122,0.304970018,0.2,0.8,0.3,2231000,163293.1466
2643,95.00789341,2.385125904,0.296594212,86.28069555,0.280734154,0.2,0.8,0.3,1743000,117436.7113
1625,49.56071852,2.643383364,0.102865218,60.18438826,0.054740927,0.554487619,0.445512381,0.6,725000,10608.67592
4754,86.25996351,2.545777204,0.209175649,61.22144449,0.156699222,0.2,0.8,0.3,3854000,144940.5126
2945,83.30390055,2.250132343,0.06954923,96.55845032,0.234708444,0.2,0.8,0.3,2045000,115194.9042
1581,59.57421681,2.492447758,0.277345314,19.32993551,0.217448778,0.2,0.8,0.6,681000,71079.65668
2239,51.71176595,2.480566233,0.271802445,65.12866145,0.220618106,0.2,0.8,0.6,1339000,141795.669
1208,100.3898976,2.503513832,0.124159762,91.59440373,0.135322965,0.2,0.8,0.3,308000,10003.07357
2106,76.20621011,2.570682945,0.211727016,5.16552178,0.145522035,0.9,0.1,0.6,1206000,10529.97446
1964,72.26654428,2.539851675,0.230764018,58.21979949,0.170456172,0.2,0.8,0.6,1064000,87055.37593
3542,73.81051625,2.418014286,0.284674518,52.01685715,0.258330116,0.2,0.8,0.6,2642000,327603.9199
2412,117.8284452,2.292846955,0.348995374,46.76986448,0.35,0.2,0.8,0.3,1512000,127008
2186,94.40039775,2.227340425,0.203777359,4.118088142,0.313218467,0.247519627,0.752480373,0.3,1286000,90929.49093
1222,110.7863906,2.341510567,0.19249988,53.73536419,0.250494656,0.2,0.8,0.3,322000,19358.22704
2501,74.02890273,2.607345833,0.061682619,97.48994917,0.052168393,0.376899221,0.623100779,0.6,1601000,31225.42335
3931,104.477651,2.583038101,0.259713703,70.78778835,0.163337801,0.2,0.8,0.3,3031000,118818.4501
4333,107.6740448,2.602213873,0.330093293,92.74551706,0.18893971,0.2,0.8,0.3,3433000,155671.2059
3238,89.92755319,2.373898833,0.289334379,65.28733748,0.282717773,0.2,0.8,0.3,2338000,158638.5968
4346,107.3538052,2.411254004,0.311775139,79.2541449,0.275260567,0.2,0.8,0.3,3446000,227651.4995
2425,113.7277279,2.607813728,0.115813055,91.66303827,0.078999664,0.2,0.8,0.3,1525000,28913.87688
4762,83.14694536,2.207030606,0.062219583,55.54886494,0.252594489,0.2,0.8,0.3,3862000,234124.7795
1331,110.9450813,2.324451248,0.338444362,49.15415562,0.331996557,0.2,0.8,0.3,431000,34341.72388
4869,53.0515423,2.510713956,0.326226385,12.77935696,0.232756214,0.2,0.8,0.6,3969000,443428.5189
2075,64.69291565,2.249697882,0.220485204,34.03485692,0.310393661,0.2,0.8,0.6,1175000,175062.0248
2163,41.86951437,2.482419106,0.275320952,29.28659117,0.221450923,0.2,0.8,0.6,1263000,134252.4075
1822,107.775726,2.360305803,0.301560737,69.47859975,0.295627467,0.2,0.8,0.3,922000,65416.44582
2921,83.14671292,2.246414038,0.086206597,85.8147919,0.244896279,0.2,0.8,0.3,2021000,118784.4914
4648,74.41268579,2.555931205,0.121923542,38.06031584,0.107996169,0.225273919,0.774726081,0.6,3748000,188151.3585
2031,104.0183092,2.408609038,0.103840862,58.99652611,0.172615912,0.2,0.8,0.3,1131000,46854.86305
2242,74.14536536,2.551082976,0.31088822,40.57118012,0.204902622,0.2,0.8,0.6,1342000,131990.073
2299,61.9293239,2.214726141,0.139859313,94.6148439,0.287566586,0.2,0.8,0.6,1399000,193106.714
2558,43.64821179,2.477878487,0.198145704,11.80913238,0.185133608,0.247065143,0.752934857,0.6,1658000,138668.7003
3804,76.72341448,2.47942327,0.206580266,33.48753199,0.188578498,0.2,0.8,0.6,2904000,262863.3402
1672,58.4814882,2.595417921,0.269035348,62.40060381,0.161808714,0.2,0.8,0.6,772000,59959.83694
2356,78.2533323,2.245834765,0.154247361,91.51270055,0.279206298,0.2,0.8,0.6,1456000,195131.6975
3654,76.75195509,2.515626186,0.267613872,93.27231696,0.200993843,0.2,0.8,0.6,2754000,265697.7811
3576,66.0767434,2.592772998,0.224665569,95.9824231,0.140946285,0.2,0.8,0.6,2676000,181042.6848
2505,76.79024391,2.593701979,0.327469353,19.48780213,0.191883687,0.2,0.8,0.6,1605000,147827.1926
3829,93.14314959,2.222919165,0.276186935,8.394006925,0.35,0.2,0.8,0.3,2929000,246036
4505,59.7703236,2.499032661,0.180088415,74.98653001,0.165527877,0.2,0.8,0.6,3605000,286429.4377
1463,41.65909415,2.493870637,0.064865386,53.37335972,0.110497374,0.2,0.8,0.6,563000,29860.81047
3479,63.0260477,2.440342365,0.137220712,26.54018497,0.173439173,0.2,0.8,0.6,2579000,214703.8216
2343,89.37093523,2.357202307,0.311853858,26.36646471,0.302325775,0.2,0.8,0.3,1443000,104701.4625
4692,116.543301,2.368607544,0.071523464,68.361607,0.17645796,0.2,0.8,0.3,3792000,160590.8601
2771,103.9618856,2.456636133,0.246671911,41.6333536,0.220017889,0.2,0.8,0.3,1871000,98796.83303
3028,50.27017846,2.429906079,0.157960606,35.86143807,0.189027264,0.2,0.8,0.6,2128000,193080.0082
3457,81.38224406,2.558013954,0.181824264,40.32842137,0.136905155,0.2,0.8,0.3,2557000,84015.95568
4655,79.76930109,2.236191298,0.215794548,9.730257567,0.314801625,0.2,0.8,0.6,3755000,567398.4485
4437,78.8154409,2.551047102,0.214480311,87.79016299,0.156716605,0.2,0.8,0.6,3537000,266067.1829
4241,98.66504908,2.315405905,0.33397435,31.51478181,0.334284222,0.2,0.8,0.3,3341000,268042.461
2017,108.0821388,2.561177634,0.190996936,91.95116564,0.139909651,0.2,0.8,0.3,1117000,37506.97926
3490,117.1009735,2.331803061,0.133219575,48.30128978,0.225708257,0.2,0.8,0.3,2590000,140300.2527
1896,116.5004932,2.602739208,0.292426768,96.83716856,0.16984378,0.2,0.8,0.3,996000,40599.45721
3621,52.18597754,2.530191662,0.299609765,40.98345712,0.209709052,0.2,0.8,0.6,2721000,273896.7981
4505,55.23201767,2.375325904,0.056996647,30.51283032,0.165835372,0.2,0.8,0.6,3605000,286961.5272
2114,97.11867378,2.212273859,0.231530752,97.03256257,0.334628446,0.2,0.8,0.3,1214000,97497.34415
2138,116.4857277,2.445540374,0.089670237,83.59958963,0.147064932,0.2,0.8,0.3,1238000,43695.93251
4000,77.4428092,2.495289358,0.146406572,98.42926006,0.150558607,0.2,0.8,0.6,3100000,224031.2071
2505,108.1530398,2.592660555,0.188487603,31.2413518,0.122913524,0.211870672,0.788129328,0.3,1605000,46643.74897
3782,116.3789425,2.231974599,0.308420021,78.58261777,0.35,0.2,0.8,0.3,2882000,242088
1857,63.91202559,2.533265423,0.270611885,96.86342896,0.193673231,0.2,0.8,0.6,957000,88965.73541
4582,85.73379956,2.431580058,0.262368155,45.13786662,0.240394049,0.2,0.8,0.3,3682000,212431.4128
2981,55.54137606,2.3525213,0.274824084,51.45910135,0.286151392,0.2,0.8,0.6,2081000,285830.9024
4804,97.05354943,2.523354066,0.115836616,57.96274628,0.121241275,0.2,0.8,0.3,3904000,113598.2251
1951,57.0953961,2.533648351,0.08012712,30.23476535,0.098239384,0.342706335,0.657293665,0.6,1051000,40719.18204
4621,57.57012259,2.35249478,0.18351623,69.469233,0.240510725,0.2,0.8,0.6,3721000,429571.3961
3563,116.6318006,2.308410041,0.175009884,93.0742351,0.258299922,0.2,0.8,0.3,2663000,165084.6461
2216,100.2819085,2.348887497,0.259294865,17.6187303,0.280203684,0.2,0.8,0.3,1316000,88499.53166
4375,73.82957422,2.441222803,0.258033434,14.67762681,0.233405316,0.2,0.8,0.6,3475000,389320.0666
1996,70.64846655,2.583105748,0.340063196,19.25347683,0.203478724,0.2,0.8,0.6,1096000,107046.0871
2341,57.74171943,2.622154047,0.240200567,53.61798678,0.13402326,0.2,0.8,0.6,1441000,92701.20867
2616,57.17724526,2.546769699,0.11347973,18.77739468,0.108355016,0.453593295,0.546406705,0.6,1716000,60958.40191
1432,85.50438053,2.541477112,0.222787537,86.52314455,0.165655213,0.2,0.8,0.3,532000,21150.85757
4891,44.01995759,2.484212888,0.191922682,90.70646995,0.178854897,0.2,0.8,0.6,3991000,342628.749
1164,65.50337976,2.389336382,0.264009085,39.24931211,0.262336351,0.2,0.8,0.6,264000,33243.26245
4183,105.7739254,2.60686781,0.152745909,24.23889854,0.097939049,0.430105851,0.569894149,0.3,3283000,54972.08629
2366,88.75978931,2.547615421,0.143161848,75.88540837,0.122773214,0.2,0.8,0.3,1466000,43196.52755
4111,98.57289732,2.385662187,0.237531519,13.79056964,0.250934666,0.2,0.8,0.3,3211000,193380.291
1483,117.9374608,2.543019283,0.323635005,93.33357353,0.215307861,0.2,0.8,0.3,583000,30125.87593
3449,50.00916644,2.360410109,0.299968209,97.20132607,0.29477905,0.2,0.8,0.6,2549000,360668.063
2065,86.24839594,2.398269339,0.258385503,42.05642953,0.255058082,0.2,0.8,0.3,1165000,71314.23973
3946,105.2128678,2.333169321,0.305868185,46.14094963,0.311349432,0.2,0.8,0.3,3046000,227608.8888
3516,63.04201028,2.540361236,0.183813112,48.94730935,0.146725938,0.2,0.8,0.6,2616000,184240.8257
1151,76.58258339,2.576024256,0.102552109,75.10496958,0.088263926,0.2,0.8,0.6,251000,10634.03785
4107,109.6374305,2.489548777,0.100671925,41.21276356,0.130561574,0.2,0.8,0.3,3207000,100490.6322
1503,70.94054423,2.320412177,0.202449628,63.07821929,0.266018725,0.2,0.8,0.6,603000,76996.45982
1754,48.29984488,2.218298991,0.270201351,40.43453259,0.35,0.2,0.8,0.6,854000,143472
2760,103.4187225,2.216123514,0.108536136,15.83053668,0.271206311,0.2,0.8,0.3,1860000,121066.4972
3652,89.64614429,2.609561191,0.126891261,42.92633467,0.083665035,0.332803738,0.667196262,0.3,2752000,46085.81668
1403,50.47116599,2.60222508,0.116815688,39.19919709,0.082295304,0.376680136,0.623319864,0.6,503000,15481.2227
1721,40.91845664,2.428709547,0.077325843,72.47529541,0.149308148,0.2,0.8,0.6,821000,58839.35507
4590,105.1300061,2.435472354,0.269629374,47.59719551,0.24207851,0.2,0.8,0.3,3690000,214384.7286
1976,83.73927529,2.376986822,0.059049893,72.74144446,0.166031536,0.2,0.8,0.3,1076000,42875.98378
3999,67.45081212,2.240520181,0.31003307,3.291843707,0.35,0.247984596,0.752015404,0.6,3099000,489404.105
1994,115.861188,2.540307447,0.266526627,70.8453551,0.18810959,0.2,0.8,0.3,1094000,49390.05398
2355,83.16536671,2.282255547,0.234026954,22.56502989,0.300885704,0.2,0.8,0.3,1455000,105069.2878
2052,107.8254682,2.392220937,0.294119763,84.39874705,0.275949413,0.2,0.8,0.3,1152000,76294.49367
2821,85.99160103,2.362115096,0.228274597,64.75468729,0.258079751,0.2,0.8,0.3,1921000,118985.0883
3462,44.38950711,2.593370776,0.262275353,2.603057939,0.159452289,0.9,0.1,0.6,2562000,24511.00579
1866,107.4102287,2.602200276,0.30027492,46.37159941,0.174037322,0.2,0.8,0.3,966000,40348.81281
4091,102.039181,2.253214776,0.246676333,72.23986783,0.321730778,0.2,0.8,0.3,3191000,246394.2994
1102,113.0704651,2.47972247,0.123734889,27.45495242,0.14700621,0.2,0.8,0.3,202000,7126.861047
1075,106.7021321,2.33942272,0.10302231,68.0561369,0.206799795,0.2,0.8,0.3,175000,8685.591392
1183,49.08366722,2.272512875,0.108869469,31.22496156,0.243178297,0.2,0.8,0.6,283000,33033.33987
3289,98.97897371,2.340165145,0.138915735,79.01816499,0.224375295,0.2,0.8,0.3,2389000,128647.8192
4402,65.65560276,2.642428541,0.136716255,65.52064547,0.072143857,0.293239936,0.706760064,0.6,3502000,107136.82
2429,89.19905106,2.275676256,0.101937608,56.21148809,0.238130676,0.2,0.8,0.3,1529000,87384.43285
2386,71.03154388,2.205475342,0.11041775,54.26291334,0.277471204,0.2,0.8,0.6,1486000,197914.6606
3981,117.2646863,2.440263337,0.165967689,50.54177263,0.187852176,0.2,0.8,0.3,3081000,138905.4131
2749,117.1384183,2.213371788,0.30205235,28.73002212,0.35,0.2,0.8,0.3,1849000,155316
2001,49.06936305,2.268470979,0.234410526,8.134895856,0.307969773,0.2,0.8,0.6,1101000,162755.8658
1283,108.1260805,2.521579206,0.113028478,29.13766611,0.120724636,0.235479674,0.764520326,0.3,383000,10604.86076
4273,56.91481668,2.600352959,0.237364946,23.00171419,0.143505994,0.211105582,0.788894418,0.6,3373000,229116.5782
2911,100.369364,2.515093726,0.126547891,66.5357252,0.130727082,0.2,0.8,0.3,2011000,63094.11909
3785,60.35531054,2.611296199,0.186206827,14.24000551,0.112455314,0.555302816,0.444697184,0.6,2885000,86564.82007
3494,100.1581992,2.601744344,0.199871008,30.39117897,0.124063332,0.213779261,0.786220739,0.3,2594000,75906.53423
1460,116.1184962,2.273622664,0.181515831,59.74377645,0.278946583,0.2,0.8,0.3,560000,37490.4208
1310,98.69367766,2.290792845,0.297933199,22.62883585,0.328570177,0.2,0.8,0.3,410000,32331.3054
2175,63.80279385,2.626183853,0.194484372,33.66731414,0.109150259,0.249311312,0.750688688,0.6,1275000,62682.46683
4483,79.17478489,2.203119231,0.261661718,86.2227656,0.35,0.2,0.8,0.6,3583000,601944
2818,64.18020924,2.403974412,0.180160708,22.41661022,0.213093148,0.2,0.8,0.6,1918000,196182.0759
4603,104.3154756,2.586805878,0.298618286,52.99819645,0.180906204,0.2,0.8,0.3,3703000,160774.9616
3156,81.7052954,2.558990943,0.295888547,37.87309762,0.193448802,0.2,0.8,0.3,2256000,104740.9195
4315,55.10545223,2.411000633,0.124672694,84.92033326,0.181836031,0.2,0.8,0.6,3415000,298065.6214
1910,82.87056624,2.461510699,0.229081439,15.2725591,0.20878537,0.2,0.8,0.3,1010000,50609.57365
1965,107.8940114,2.2393196,0.186663532,93.53551204,0.298671966,0.2,0.8,0.3,1065000,76340.55447
1148,67.68076694,2.247857431,0.30041739,43.91383262,0.35,0.2,0.8,0.6,248000,41664
4174,62.0240913,2.574546673,0.123538212,6.589027955,0.09949577,0.9,0.1,0.6,3274000,19544.94899
1053,62.50965379,2.253907681,0.252541329,35.76622782,0.324316824,0.2,0.8,0.6,153000,23817.82753
2976,102.7076226,2.625965492,0.074130935,68.73636568,0.05,0.581933589,0.418066411,0.3,2076000,13018.58803
2303,76.81927069,2.328072613,0.183400489,26.78707389,0.252663938,0.2,0.8,0.6,1403000,170154.0023
2909,58.55027643,2.22548964,0.254845888,67.80008216,0.339678124,0.2,0.8,0.6,2009000,327558.4085
4949,58.07630022,2.274137027,0.302080652,60.43115616,0.338971813,0.2,0.8,0.6,4049000,658798.4972
1028,40.25417014,2.311546823,0.30734507,53.60298925,0.322899124,0.2,0.8,0.6,128000,19838.92216
1674,104.6760871,2.550006818,0.173271282,74.42366636,0.136632232,0.2,0.8,0.3,774000,25380.80347
1230,112.0923648,2.612553512,0.275688473,63.81653035,0.15656748,0.2,0.8,0.3,330000,12400.14444
3416,46.56102616,2.537194713,0.199914971,30.96617139,0.156360129,0.2,0.8,0.6,2516000,188833.0007
1597,114.3835251,2.386533819,0.142866207,4.672684571,0.203166194,0.518478374,0.481521626,0.3,697000,20456.02632
4913,41.01739737,2.442055615,0.325854016,98.95015834,0.2668992,0.2,0.8,0.6,4013000,514111.9152
4479,109.8296689,2.477244314,0.057391563,21.72605608,0.115073624,0.347590198,0.652409802,0.3,3579000,80608.19967
4414,80.87668571,2.288752724,0.079279443,75.31344019,0.220263359,0.2,0.8,0.3,3514000,185761.3068
2146,93.97172054,2.530692096,0.222858699,19.85756765,0.171083301,0.2,0.8,0.3,1246000,51160.75048
2964,80.57159366,2.336446214,0.186496537,98.86606649,0.250025161,0.2,0.8,0.3,2064000,123852.464
4032,45.40909294,2.240833477,0.14075668,77.16277658,0.274961602,0.2,0.8,0.6,3132000,413366.2736
3443,86.77740873,2.248527361,0.153852621,76.41222688,0.27766263,0.2,0.8,0.3,2543000,169463.0566
2393,80.86957962,2.32719236,0.121394323,29.32842483,0.222100981,0.2,0.8,0.3,1493000,79583.22355
3939,41.00135015,2.481654009,0.336457987,69.62140139,0.252401989,0.2,0.8,0.6,3039000,368183.8299
3137,86.84341419,2.429508128,0.134599187,29.65823138,0.177545529,0.2,0.8,0.3,2237000,95320.64383
1888,47.48407547,2.260953356,0.277797088,22.65196344,0.333421866,0.2,0.8,0.6,988000,158121.9857
4261,99.3716594,2.372239382,0.058042088,44.1307525,0.167901353,0.2,0.8,0.3,3361000,135435.9473
4290,54.01302428,2.270203491,0.068060709,55.39961713,0.223928609,0.2,0.8,0.6,3390000,364376.6323
1884,83.87909473,2.427073342,0.133918049,50.2927583,0.178422354,0.2,0.8,0.3,984000,42136.22304
1088,78.87520607,2.416737852,0.259301485,53.83610971,0.246281816,0.2,0.8,0.6,188000,22224.4711
3680,62.14567739,2.595274541,0.184842678,65.0582733,0.119784069,0.2,0.8,0.6,2780000,159839.8611
4821,64.67059714,2.396707945,0.287309839,27.68804116,0.270300947,0.2,0.8,0.6,3921000,508728.0067
4194,114.4807256,2.539596109,0.134468762,36.93581017,0.122436327,0.2,0.8,0.3,3294000,96793.26235
3260,110.0249025,2.236622267,0.164406269,98.90737051,0.288892001,0.2,0.8,0.3,2360000,163628.4294
2337,59.58821746,2.22623102,0.176449247,96.03457075,0.300109114,0.2,0.8,0.6,1437000,207003.2622
4925,91.06513501,2.514830578,0.098989954,61.38262646,0.117079688,0.2,0.8,0.3,4025000,113098.9785
1779,71.35825702,2.328912623,0.299996261,93.86658544,0.310541819,0.2,0.8,0.6,879000,131023.8044
1779,76.47600015,2.540998121,0.280008232,91.7761486,0.194505055,0.2,0.8,0.6,879000,82065.5729
1568,76.44025704,2.408467522,0.13691538,99.09910338,0.189223929,0.2,0.8,0.6,668000,60672.76058
4330,76.21745223,2.638678833,0.144576761,50.52263872,0.077948964,0.325756641,0.674243359,0.6,3430000,108161.424
1056,119.0854301,2.528993758,0.117056844,40.24239285,0.119031543,0.2,0.8,0.3,156000,4456.540974
4952,95.67856847,2.25960093,0.058038564,93.51451128,0.224218817,0.2,0.8,0.3,4052000,218048.3153
3894,69.20385925,2.228161222,0.31486361,25.65956877,0.35,0.2,0.8,0.6,2994000,502992
3754,77.50159128,2.523979029,0.334443526,37.58961362,0.230232249,0.2,0.8,0.6,2854000,315399.7619
1053,109.9638273,2.39636912,0.289290811,66.47650032,0.271460846,0.2,0.8,0.3,153000,9968.042254
4610,69.90561459,2.497252932,0.050289184,27.76306555,0.101518126,0.349498566,0.650501434,0.6,3710000,146999.8903
3113,103.2001202,2.335622911,0.130342005,61.15476529,0.222359547,0.2,0.8,0.3,2213000,118099.6025
3575,102.4374969,2.339987978,0.21628303,21.03216626,0.263147526,0.2,0.8,0.3,2675000,168940.7115
4329,107.3816215,2.295297597,0.227164914,74.60231911,0.290933659,0.2,0.8,0.3,3429000,239426.7637
1164,118.2360267,2.372167134,0.305092235,9.590199388,0.29146255,0.2,0.8,0.3,264000,18467.06718
3658,79.77657925,2.549084412,0.265178279,19.02362924,0.183046934,0.2,0.8,0.6,2758000,242324.8526
3873,92.45727125,2.486420078,0.073886246,6.614596787,0.118733084,0.9,0.1,0.3,2973000,10589.80377
2287,114.0992844,2.449534003,0.291005614,35.46214181,0.245735806,0.2,0.8,0.3,1387000,81800.53494
1626,107.985272,2.621370212,0.31244706,17.08775854,0.170538424,0.201219661,0.798780339,0.3,726000,29669.31276
2752,47.84912367,2.428345247,0.124026739,22.87013836,0.172840746,0.2,0.8,0.6,1852000,153648.5098
4059,117.2565203,2.566248251,0.090004852,54.25335409,0.0868783,0.244202877,0.755797123,0.3,3159000,62228.22759
1567,56.66305751,2.269232142,0.211093602,34.86202566,0.29593073,0.2,0.8,0.6,667000,94745.18248
3617,99.42887858,2.380957151,0.061680787,76.3934689,0.165361818,0.2,0.8,0.3,2717000,107829.1345
2226,65.6273581,2.338261978,0.339134839,97.86373788,0.32543643,0.2,0.8,0.6,1326000,207133.7792
4207,60.36223532,2.55584965,0.210773051,17.36462315,0.152461701,0.247749689,0.752250311,0.6,3307000,227566.6313
1542,55.03406534,2.211964664,0.322890586,99.48087499,0.35,0.2,0.8,0.6,642000,107856
2544,54.10526238,2.619668267,0.309441359,88.62323018,0.169886546,0.2,0.8,0.6,1644000,134060.8714
3339,88.56223186,2.444631239,0.094721271,33.70235293,0.150045016,0.2,0.8,0.3,2439000,87830.35058
3690,109.5612493,2.222766169,0.333616336,23.15049479,0.35,0.2,0.8,0.3,2790000,234360
4325,96.47488081,2.227014822,0.169410053,27.52959474,0.296197616,0.2,0.8,0.3,3425000,243474.4401
4435,91.27709321,2.59789701,0.191695327,84.63568842,0.121899158,0.2,0.8,0.3,3535000,103419.2459
3723,46.28127222,2.624431956,0.107369132,86.78827356,0.066468588,0.260799071,0.739200929,0.6,2823000,83222.56317
2149,51.5846988,2.31898699,0.130657967,23.01884183,0.230835488,0.2,0.8,0.6,1249000,138390.492
1578,42.76285466,2.625124724,0.216211718,78.00555748,0.120543497,0.2,0.8,0.6,678000,39229.67558
3934,110.5208184,2.323357873,0.321093691,85.28622432,0.323867909,0.2,0.8,0.3,3034000,235827.6567
4575,56.99240714,2.226472751,0.160923142,11.08997345,0.292225196,0.2,0.8,0.6,3675000,515485.2449
2034,65.68623099,2.59194301,0.320933476,82.29777817,0.189495233,0.2,0.8,0.6,1134000,103146.0454
4776,81.22463563,2.272951165,0.310569059,2.586227019,0.343808947,0.327113905,0.672886095,0.3,3876000,269007.1053
3833,55.40600812,2.354391063,0.131286158,92.56030812,0.213447547,0.2,0.8,0.6,2933000,300499.9951
4692,102.3871723,2.590448743,0.33828445,33.57160772,0.198917854,0.2,0.8,0.3,3792000,181031.1602
1111,101.7732261,2.603366697,0.326323525,53.86137653,0.186478414,0.2,0.8,0.3,211000,9443.266869
1228,48.97949747,2.500645158,0.344438397,33.47498224,0.24689662,0.2,0.8,0.6,328000,38871.40381
2968,54.70238522,2.585173773,0.338822077,4.506822816,0.201824152,0.544732445,0.455267555,0.6,2068000,114009.6525
1149,90.13945964,2.329734195,0.295610099,6.030677626,0.307937952,0.2,0.8,0.3,249000,18402.37202
4168,106.9073531,2.427498203,0.331504211,92.94226184,0.277003004,0.2,0.8,0.3,3268000,217258.996
3102,118.8992784,2.580040583,0.237759135,60.29719785,0.153859276,0.2,0.8,0.3,2202000,81311.55014
3740,53.46470586,2.401301116,0.170917358,98.69465315,0.209808121,0.2,0.8,0.6,2840000,286010.4307
2695,111.0631709,2.280453258,0.173537695,37.83267367,0.271542219,0.2,0.8,0.3,1795000,116980.3878
4380,76.69656426,2.22088717,0.103966361,57.01254053,0.266539596,0.2,0.8,0.6,3480000,445227.7404
4514,56.80442109,2.597351653,0.15484956,16.50464774,0.103748953,0.562893575,0.437106425,0.6,3614000,98335.49616
2342,110.7294444,2.294380797,0.340766552,28.40966296,0.348192877,0.2,0.8,0.3,1442000,120502.5909
1650,42.24069825,2.464241756,0.06294147,79.55734235,0.124349857,0.2,0.8,0.6,750000,44765.9485
1852,72.14460362,2.386297313,0.083849135,6.739994285,0.173775911,0.49131647,0.50868353,0.6,952000,50492.33439
1645,45.37038023,2.383683981,0.28146803,4.714063535,0.273892024,0.282778116,0.717221884,0.6,745000,87809.28502
1159,104.8351475,2.231184753,0.184596322,65.82594361,0.301705784,0.2,0.8,0.3,259000,18754.03154
1271,73.15345497,2.200660969,0.33248458,35.85645016,0.35,0.2,0.8,0.6,371000,62328
3694,78.615138,2.546865408,0.233127861,95.04144941,0.168131227,0.2,0.8,0.6,2794000,225484.1506
2326,44.96990926,2.277019524,0.345834552,31.99464293,0.35,0.2,0.8,0.6,1426000,239568
1286,48.76814375,2.365984847,0.344085066,93.34726392,0.31405011,0.2,0.8,0.6,386000,58187.20431
4995,68.20648781,2.24437084,0.236620436,74.77232051,0.321124798,0.2,0.8,0.6,4095000,631202.9027
4538,54.1267138,2.398148165,0.07439268,96.13252739,0.163122257,0.2,0.8,0.6,3638000,284850.6106
3704,89.37612882,2.211409997,0.278080835,35.15835192,0.35,0.2,0.8,0.3,2804000,235536
2397,87.87192529,2.503027406,0.084813298,68.44546521,0.115892946,0.2,0.8,0.3,1497000,41638.01772
4146,59.57029684,2.426794719,0.216568242,91.98019214,0.219886762,0.2,0.8,0.6,3246000,342601.1654
3015,53.02285348,2.641520979,0.186305989,41.43334536,0.097392505,0.254447933,0.745552067,0.6,2115000,92143.59181
1534,57.94579304,2.457112105,0.226275113,71.00971509,0.209581504,0.2,0.8,0.6,634000,63779.8433
1940,115.9686621,2.607720584,0.296607045,29.70614874,0.16944323,0.2,0.8,0.3,1040000,42293.03033
3711,69.54613374,2.264975323,0.209538829,47.53700443,0.297281753,0.2,0.8,0.6,2811000,401116.3235
4901,97.74881055,2.554139014,0.343433097,84.81780634,0.219647042,0.2,0.8,0.3,4001000,210913.8755
1292,55.66937467,2.345313631,0.097502232,83.10851863,0.2010943,0.2,0.8,0.6,392000,37837.90356
3863,65.34231753,2.340007274,0.251906365,22.40564139,0.280949545,0.2,0.8,0.6,2963000,399577.6811
4675,105.0904428,2.485470958,0.300060657,15.52220123,0.23229485,0.2,0.8,0.3,3775000,210459.1338
4557,97.96147615,2.398043298,0.233941869,90.11094294,0.242949285,0.2,0.8,0.3,3657000,213231.7288
2367,66.46163329,2.301159241,0.202093425,74.76586583,0.275467092,0.2,0.8,0.6,1467000,193972.9073
4511,93.12456067,2.326902353,0.242661233,13.74352045,0.28287944,0.2,0.8,0.3,3611000,245154.6378
4216,43.78753143,2.415895922,0.322398782,79.97870796,0.27825143,0.2,0.8,0.6,3316000,442887.2361
1403,47.60320205,2.345522907,0.267144371,72.99660153,0.285810732,0.2,0.8,0.6,503000,69006.14314
2126,81.765709,2.642243402,0.200745452,51.37571785,0.104251025,0.2,0.8,0.3,1226000,30674.82157
3027,103.5986461,2.624205704,0.287407855,27.81675609,0.156601075,0.2,0.8,0.3,2127000,79941.71697
4987,98.75646201,2.28776326,0.105770316,16.67884432,0.234003528,0.2,0.8,0.3,4087000,229529.3805
4462,42.65108728,2.301577858,0.14935132,68.83252311,0.248886731,0.2,0.8,0.6,3562000,425536.5774
2801,87.14669396,2.587148841,0.194739884,41.19133865,0.128795521,0.2,0.8,0.3,1901000,58761.6687
4232,101.9150461,2.557120421,0.163439285,65.1647503,0.128159432,0.2,0.8,0.3,3332000,102486.5348
2654,68.0478261,2.572716391,0.288444586,75.65086846,0.182864098,0.2,0.8,0.6,1754000,153956.941
2597,83.61571213,2.528135824,0.22655968,57.9114766,0.174211928,0.2,0.8,0.3,1697000,70953.03396
2017,95.7466003,2.246331328,0.231345316,68.61123699,0.317506994,0.2,0.8,0.3,1117000,85117.27487
4648,55.50278811,2.324530751,0.230557941,91.78199092,0.278013595,0.2,0.8,0.6,3748000,500157.5781
2085,77.07488861,2.451880834,0.248027998,69.94846068,0.223073582,0.2,0.8,0.6,1185000,126884.2534
4429,44.52532738,2.393141522,0.239810974,74.10063178,0.248334726,0.2,0.8,0.6,3529000,420659.1591
2654,59.50720638,2.502529739,0.072040913,90.4187355,0.109755587,0.2,0.8,0.6,1754000,92405.42396
4658,58.73712596,2.300211708,0.150796371,60.08720939,0.250292331,0.2,0.8,0.6,3758000,451487.3186
3890,96.18003907,2.570337595,0.347935697,82.44377468,0.213799051,0.2,0.8,0.3,2990000,153422.1993
2221,83.85562661,2.58624362,0.225414423,72.46977862,0.144585401,0.2,0.8,0.3,1321000,45839.35559
2065,62.1830198,2.536518056,0.334789157,53.11328809,0.22413555,0.2,0.8,0.6,1165000,125336.5996
1244,113.7908545,2.410482932,0.187448251,76.42732111,0.21348266,0.2,0.8,0.3,344000,17625.12838
4298,56.81452681,2.462231547,0.079202326,3.309228187,0.133485389,0.9,0.1,0.6,3398000,27215.00118
3996,91.48548405,2.556561283,0.233434574,24.15997217,0.163436646,0.2,0.8,0.3,3096000,121439.9653
1961,95.55419215,2.201946359,0.14510476,49.13607629,0.2965792,0.2,0.8,0.3,1061000,75520.92755
2508,78.00197157,2.402797782,0.140690019,5.967218076,0.193946118,0.445518668,0.554481332,0.6,1608000,103754.1117
1455,50.56675427,2.210922435,0.344643516,59.17413879,0.35,0.2,0.8,0.6,555000,93240
1942,103.0394073,2.315528151,0.206979828,61.64358014,0.270725839,0.2,0.8,0.3,1042000,67703.11771
1697,104.2819078,2.30801715,0.240296925,83.14423716,0.291139887,0.2,0.8,0.3,797000,55689.23765
4598,55.21660212,2.510236216,0.318260376,77.01873985,0.22901208,0.2,0.8,0.6,3698000,406505.603
2831,49.7276378,2.573931777,0.127914795,21.03832439,0.101991509,0.456941724,0.543058276,0.6,1931000,64171.76414
4978,110.7246495,2.320760387,0.174210099,48.07093152,0.251724856,0.2,0.8,0.3,4078000,246368.1508
4327,46.88813064,2.631626525,0.200911983,9.904730462,0.109642729,0.839842148,0.160157852,0.6,3427000,36107.16803
2911,101.6391316,2.347706302,0.249677486,65.86063261,0.275985592,0.2,0.8,0.3,2011000,133201.686
1407,47.22071801,2.272844686,0.269012223,77.68299531,0.323083768,0.2,0.8,0.6,507000,78625.66583
3742,117.6741385,2.422236997,0.245395905,98.60829267,0.236579454,0.2,0.8,0.3,2842000,161366.114
1428,108.3056988,2.26182523,0.31257207,92.22838049,0.35,0.2,0.8,0.3,528000,44352
1590,48.08484285,2.567508912,0.322571413,27.56110519,0.202531251,0.2,0.8,0.6,690000,67078.35026
3028,60.28844229,2.33557063,0.0831453,39.33573731,0.198787335,0.2,0.8,0.6,2128000,203049.3353
4376,68.80674123,2.209094643,0.266284788,95.54255729,0.35,0.2,0.8,0.6,3476000,583968
4631,82.9959461,2.285698271,0.128468849,27.32438856,0.246385289,0.2,0.8,0.3,3731000,220623.243
2605,101.9993689,2.588211361,0.173682464,66.936033,0.117735551,0.2,0.8,0.3,1705000,48177.38766
2855,65.72647972,2.551228323,0.15696484,39.5497427,0.127868258,0.2,0.8,0.6,1955000,119991.5734
2336,100.97139,2.514420993,0.151157309,96.25875675,0.143368158,0.2,0.8,0.3,1436000,49410.40191
2572,107.0796351,2.514588463,0.078783017,41.2358125,0.107097277,0.211430962,0.788569038,0.3,1672000,42361.9241
3645,88.61569951,2.579472308,0.287824712,9.507697608,0.179176202,0.327615156,0.672384844,0.3,2745000,99211.46123
4682,44.24625463,2.209043592,0.224295037,7.974220253,0.332625723,0.2,0.8,0.6,3782000,603835.4324
3747,70.02012021,2.480668166,0.170445966,88.04080621,0.1698889,0.2,0.8,0.6,2847000,232163.375
2245,68.1854337,2.234969503,0.331145934,15.92169713,0.35,0.2,0.8,0.6,1345000,225960
3405,89.57502637,2.234306042,0.150204917,63.67601354,0.282949438,0.2,0.8,0.3,2505000,170109.2018
3115,99.8875075,2.527336569,0.231092234,33.48476934,0.176877833,0.2,0.8,0.3,2215000,94028.25589
3197,91.06032578,2.542314053,0.187030404,45.73834209,0.147358176,0.2,0.8,0.3,2297000,81235.61518
2829,85.52662559,2.33354938,0.307704496,29.98187223,0.312077558,0.2,0.8,0.3,1929000,144479.4264
2702,45.88792148,2.24260922,0.299412536,12.53446901,0.35,0.2,0.8,0.6,1802000,302736
4742,49.8770304,2.318499715,0.306258416,69.48735583,0.31887935,0.2,0.8,0.6,3842000,588064.543
1430,79.59336936,2.464466719,0.299974331,72.16488895,0.242753806,0.2,0.8,0.6,530000,61756.56818
3423,45.90491597,2.43581303,0.169977276,82.64815231,0.192082123,0.2,0.8,0.6,2523000,232619.1342
2103,65.90248925,2.420314326,0.06792289,60.43159001,0.148804282,0.2,0.8,0.6,1203000,85925.54465
4705,85.50449918,2.554126678,0.31376886,88.88654153,0.204821091,0.2,0.8,0.3,3805000,187042.6201
3852,84.89332024,2.362194018,0.307294866,64.56253185,0.297550424,0.2,0.8,0.3,2952000,210808.5244
3515,54.61376536,2.539632991,0.135946676,47.84398301,0.123156843,0.2,0.8,0.6,2615000,154586.4687
2559,69.52901188,2.421823007,0.270076473,82.64533835,0.249126733,0.2,0.8,0.6,1659000,198384.6001
4155,49.83096258,2.422223311,0.149915045,54.54692588,0.188845867,0.2,0.8,0.6,3255000,295052.7821
2590,92.95177715,2.389495382,0.071722588,48.44764708,0.166113603,0.2,0.8,0.3,1690000,67375.6774
1007,57.22169145,2.452981396,0.34780158,10.84332701,0.272410092,0.2,0.8,0.6,107000,13990.98234
3926,54.428428,2.597689006,0.135470598,53.42906064,0.093890796,0.212312918,0.787687082,0.6,3026000,134275.5434
4948,99.67105555,2.459246796,0.281096484,79.21206261,0.235924844,0.2,0.8,0.3,4048000,229205.7046
4430,54.59192034,2.27154904,0.156397456,58.41477048,0.267424208,0.2,0.8,0.6,3530000,453123.5776
2002,113.7872606,2.415533763,0.321046911,41.25789132,0.277756574,0.2,0.8,0.3,1102000,73461.05871
4092,106.2703966,2.256787477,0.33912791,39.05896517,0.35,0.2,0.8,0.3,3192000,268128
2056,91.16272248,2.282214888,0.326769679,25.11902354,0.347277396,0.2,0.8,0.3,1156000,96348.64066
4806,51.1276297,2.447384736,0.183310659,83.91857612,0.192962962,0.2,0.8,0.6,3906000,361782.3973
4074,104.6941101,2.277210482,0.210308049,66.45958436,0.291548784,0.2,0.8,0.3,3174000,222090.2015
1990,91.47890533,2.305604257,0.161776264,47.80716545,0.253086003,0.2,0.8,0.3,1090000,66207.29848
1831,54.65500541,2.537966067,0.092348599,91.01426833,0.102191266,0.2,0.8,0.6,931000,45667.2331
3211,45.10415933,2.502948032,0.05031779,19.39625973,0.098684879,0.529396153,0.470603847,0.6,2311000,64395.76146
2902,99.64167764,2.423339119,0.343340537,3.831834142,0.285000709,0.321293113,0.678706887,0.3,2002000,116175.2256
1339,117.4251921,2.515897234,0.076267919,85.52140226,0.105185343,0.2,0.8,0.3,439000,11082.32771
3601,76.53469424,2.245117908,0.079610455,10.02541962,0.242246274,0.2,0.8,0.6,2701000,314067.4487
1736,88.21870781,2.619945193,0.058978459,97.15806615,0.05,0.411700249,0.588299751,0.3,836000,7377.278881
3721,115.3861163,2.464367562,0.269770118,28.61002752,0.227701278,0.2,0.8,0.3,2821000,154162.8736
1255,79.43056138,2.327179093,0.166799094,92.42199185,0.244810001,0.2,0.8,0.6,355000,41715.6241
1223,47.41694145,2.22926786,0.146860019,87.65668916,0.28379608,0.2,0.8,0.6,323000,43999.74418
1947,113.2745654,2.58123927,0.211375699,77.72696804,0.140068214,0.2,0.8,0.3,1047000,35196.34093
4513,94.88521519,2.447948931,0.255235466,17.28050572,0.228643268,0.2,0.8,0.3,3613000,198261.1503
4877,118.0444197,2.224918643,0.317348818,39.80390673,0.35,0.2,0.8,0.3,3977000,334068
1131,62.69540863,2.613935024,0.244810567,29.75562663,0.140437771,0.2,0.8,0.6,231000,15571.74009
1669,92.62473243,2.601991791,0.127133562,63.07843179,0.087570885,0.206728157,0.793271843,0.3,769000,16026.1563
3607,49.65011336,2.422604806,0.194683138,23.15703679,0.211039166,0.2,0.8,0.6,2707000,274215.851
3110,79.05350754,2.397451363,0.119696754,10.93428617,0.186122695,0.264004238,0.735995762,0.6,2210000,181642.7925
2601,69.17516788,2.318057513,0.172210011,29.77379894,0.252076249,0.2,0.8,0.6,1701000,205815.2157
2922,111.5283154,2.596551722,0.338075268,31.93990701,0.195761773,0.2,0.8,0.3,2022000,94999.27307
3144,92.35047127,2.208020304,0.118597682,46.6565659,0.280288689,0.2,0.8,0.3,2244000,150952.2766
2142,111.7111572,2.247140402,0.278896325,5.690396007,0.340877962,0.2,0.8,0.3,1242000,101608.9028
1692,58.12149812,2.349638241,0.20919778,88.63965251,0.25477977,0.2,0.8,0.6,792000,96857.07731
2518,87.91673305,2.407381584,0.247142646,80.45572474,0.244880531,0.2,0.8,0.3,1618000,95092.00779
4520,110.9702543,2.219391901,0.056470266,23.79539531,0.243539183,0.2,0.8,0.3,3620000,211586.842
2490,117.1506062,2.324592202,0.071444505,48.04648728,0.198426152,0.2,0.8,0.3,1590000,75719.41947
2063,46.9654093,2.233978922,0.159913219,88.82503902,0.287967148,0.2,0.8,0.6,1163000,160754.7808
1533,73.20970365,2.208914476,0.095679022,76.07808319,0.268382273,0.2,0.8,0.6,633000,81545.26984
3593,102.1578599,2.39278361,0.269499976,98.24716156,0.263358183,0.2,0.8,0.3,2693000,170213.6608
1344,104.4557161,2.619357323,0.137438068,82.74243401,0.084040372,0.2,0.8,0.3,444000,8955.342073
4294,78.30421963,2.399201704,0.055547051,42.6369643,0.153172673,0.2,0.8,0.6,3394000,249536.6657
3371,88.95786006,2.445365423,0.098172047,74.91801241,0.151403312,0.2,0.8,0.3,2471000,89788.22026
1948,85.77407665,2.342946302,0.263214459,78.71063489,0.285134079,0.2,0.8,0.3,1048000,71716.92345
1007,79.6017801,2.588493675,0.181607282,33.93491323,0.121556803,0.2,0.8,0.6,107000,6243.157425
4346,40.5479343,2.372941682,0.101728308,31.57502087,0.189393313,0.2,0.8,0.6,3446000,313271.6912
1934,66.49227955,2.63916678,0.290501666,37.81191184,0.150667443,0.2,0.8,0.6,1034000,74779.26533
1177,61.28494835,2.521272505,0.129921272,99.27214625,0.129324384,0.2,0.8,0.6,277000,17194.97006
3355,106.031376,2.230956365,0.347811233,43.37699527,0.35,0.2,0.8,0.3,2455000,206220
4586,69.3516686,2.521279953,0.179995093,38.08458248,0.15435757,0.2,0.8,0.6,3686000,273101.7615
2034,41.82865566,2.269846,0.282576058,30.44654381,0.331365029,0.2,0.8,0.6,1134000,180368.6128
2492,95.71088685,2.395141349,0.331601072,47.97493266,0.293229861,0.2,0.8,0.3,1592000,112037.2655
4961,55.19096631,2.426681632,0.087511762,72.24202126,0.155415065,0.2,0.8,0.6,4061000,302947.478
3083,113.5614581,2.51273431,0.232793398,34.58450381,0.185029544,0.2,0.8,0.3,2183000,96940.67866
4136,48.7167146,2.3486201,0.19858147,89.76923015,0.249980685,0.2,0.8,0.6,3236000,388289.9982
2149,69.05289253,2.220908869,0.182806085,92.21430716,0.305948608,0.2,0.8,0.6,1249000,183422.3093
3097,80.80445125,2.248659203,0.217696411,29.14014068,0.309518604,0.2,0.8,0.3,2197000,163202.9695
4207,104.8611439,2.217679796,0.305234258,78.3012143,0.35,0.2,0.8,0.3,3307000,277788
2416,105.518257,2.347439615,0.161960398,3.08282962,0.232260392,0.601312413,0.398687587,0.3,1516000,42114.17759
4661,40.0629289,2.549726596,0.228811317,49.19244577,0.164542361,0.2,0.8,0.6,3761000,297045.033
2228,117.2925048,2.551644055,0.211732693,24.99533107,0.155044319,0.2,0.8,0.3,1328000,49415.72533
4996,91.69232579,2.516663733,0.094672392,98.66885415,0.114004329,0.2,0.8,0.3,4096000,112070.8158
1528,46.38153926,2.485296866,0.109887145,4.892960249,0.137295139,0.9,0.1,0.6,628000,5173.280856
2250,49.61790356,2.20000098,0.207662727,64.98647924,0.328830874,0.2,0.8,0.6,1350000,213082.4063
3507,73.38164356,2.355509208,0.266452434,47.09970505,0.280471613,0.2,0.8,0.6,2607000,350970.9576
3498,110.2444201,2.555008356,0.149845706,7.086949121,0.122418675,0.9,0.1,0.3,2598000,9541.31153
4106,111.0541077,2.452851871,0.191795442,2.256067105,0.194471786,0.9,0.1,0.3,3206000,18704.29633
4955,51.25781174,2.414765797,0.327128026,48.26572406,0.281181115,0.2,0.8,0.6,4055000,547290.9216
3508,87.65642704,2.217801437,0.134334744,15.6492575,0.283266653,0.2,0.8,0.3,2608000,177302.2637
4846,114.9339373,2.571044377,0.121004077,21.3438988,0.09997985,0.46870683,0.53129317,0.3,3946000,62881.8125
4223,111.8041592,2.595532979,0.328878321,49.71813618,0.191672671,0.2,0.8,0.3,3323000,152862.7886
2265,65.11898428,2.270855278,0.136568579,26.36580602,0.25785665,0.2,0.8,0.6,1365000,168947.6774
3083,43.25525496,2.251346447,0.32756911,87.96756564,0.35,0.2,0.8,0.6,2183000,366744
1032,63.19588588,2.334079812,0.185114848,40.58767385,0.250517518,0.2,0.8,0.6,132000,15872.78994
3167,82.10382341,2.418220584,0.16072167,30.92903517,0.196250543,0.2,0.8,0.3,2267000,106775.9956
4261,100.130326,2.295804166,0.250382688,35.30608917,0.302289261,0.2,0.8,0.3,3361000,243838.6093
3154,88.65705763,2.332420569,0.19492869,84.79677863,0.25625406,0.2,0.8,0.3,2254000,138623.1965
3722,89.32365202,2.596622539,0.16395481,94.84411822,0.108666136,0.2,0.8,0.3,2822000,73597.40041
1314,46.8407118,2.59012894,0.084842945,46.55509331,0.072357002,0.410271798,0.589728202,0.6,414000,10599.46769
4774,60.3452445,2.497564248,0.161166083,33.2342466,0.156800917,0.2,0.8,0.6,3874000,291574.4417
4957,117.5848542,2.213064087,0.308099045,86.38242309,0.35,0.2,0.8,0.3,4057000,340788
2715,82.01171527,2.255553496,0.333718553,27.89939229,0.35,0.2,0.8,0.3,1815000,152460
1499,115.5270188,2.399763074,0.222329641,19.52248155,0.236283284,0.2,0.8,0.3,599000,33968.08486
3794,42.39734158,2.369433104,0.310817114,57.03748584,0.295692005,0.2,0.8,0.6,2894000,410751.6779
3840,81.23235132,2.499552051,0.219152072,61.85234568,0.184800011,0.2,0.8,0.3,2940000,130394.8874
4361,82.51314946,2.443853452,0.228258104,60.83372765,0.217202326,0.2,0.8,0.3,3461000,180416.94
3026,64.68858524,2.221879689,0.068775218,50.42446936,0.248447765,0.2,0.8,0.6,2126000,253535.9748
4047,90.9180854,2.396019669,0.210192542,7.931748473,0.232086436,0.234062342,0.765937658,0.3,3147000,167826.7485
2432,48.5121975,2.496619871,0.122638651,97.70151718,0.13800939,0.2,0.8,0.6,1532000,101486.5853
2641,70.04753594,2.627601413,0.208306288,70.88032229,0.115352438,0.2,0.8,0.6,1741000,96397.72524
1773,78.86976665,2.423996412,0.243898979,38.32277165,0.234951283,0.2,0.8,0.6,873000,98453.98571
2889,77.96518262,2.412292449,0.072778085,15.77469172,0.155242818,0.263036541,0.736963459,0.6,1989000,136534.8462
1931,74.80841769,2.589896766,0.218028473,68.98803876,0.139065853,0.2,0.8,0.6,1031000,68820.9095
4485,53.90909536,2.286626087,0.052931175,61.63119719,0.208152544,0.2,0.8,0.6,3585000,358188.8974
2058,75.45213144,2.44376514,0.233609203,31.23465403,0.219922032,0.2,0.8,0.6,1158000,122241.4622
2085,109.4577903,2.306160764,0.26966542,52.70237729,0.306752328,0.2,0.8,0.3,1185000,87240.36205
2453,78.99382945,2.323670618,0.062870482,69.62796053,0.194599932,0.2,0.8,0.6,1553000,145062.5733
2227,53.11982848,2.203801728,0.302828881,66.03199743,0.35,0.2,0.8,0.6,1327000,222936
4930,114.1210448,2.456893934,0.100146972,36.82181363,0.146626519,0.2,0.8,0.3,4030000,141817.169
2120,107.9727936,2.488878687,0.242879475,51.91023355,0.202000394,0.2,0.8,0.3,1220000,59145.71538
2270,67.69163216,2.584078044,0.234730738,57.94370295,0.150326347,0.2,0.8,0.6,1370000,98854.60591
3596,49.89673424,2.630285275,0.25615341,31.48223221,0.137934067,0.2,0.8,0.6,2696000,178497.7178
1611,73.14041007,2.608422541,0.12773322,24.05713249,0.084655339,0.580025956,0.419974044,0.6,711000,15166.9291
1364,40.62717247,2.455770484,0.063005206,4.93687035,0.128617361,0.9,0.1,0.6,464000,3580.707333
1678,103.9111516,2.42088714,0.230300744,74.52887138,0.229706802,0.2,0.8,0.3,778000,42890.85405
4870,118.5850314,2.606038377,0.149557813,22.94967558,0.096759718,0.465408449,0.534591551,0.3,3970000,61606.77082
2355,82.08802777,2.630918636,0.271339259,31.59063297,0.145210311,0.2,0.8,0.3,1455000,50707.44071
4905,80.92707082,2.202568127,0.252485242,52.97150516,0.349958557,0.2,0.8,0.3,4005000,336380.1654
1875,110.0876798,2.251759235,0.188432741,99.24309319,0.293336753,0.2,0.8,0.3,975000,68640.80026
4063,112.4429102,2.361482803,0.148126876,62.54040729,0.218322036,0.2,0.8,0.3,3163000,165732.6242
2112,77.86584805,2.359677587,0.276910422,49.10647253,0.283616417,0.2,0.8,0.6,1212000,164996.687
1304,44.53649887,2.299013309,0.133144332,37.92804634,0.242065511,0.2,0.8,0.6,404000,46941.34394
1145,73.50502384,2.257667577,0.225347451,71.84835096,0.308839937,0.2,0.8,0.6,245000,36319.57662
2085,118.7802242,2.413016439,0.148200741,2.515059777,0.192592151,0.9,0.1,0.3,1185000,6846.650969
1909,56.37370449,2.22473609,0.080074158,31.6793418,0.252669034,0.2,0.8,0.6,1009000,122372.6666
2799,81.28086749,2.438394606,0.318929304,46.49212571,0.265267349,0.2,0.8,0.3,1899000,120898.247
3956,54.39181985,2.390910018,0.233186834,75.16289706,0.246138408,0.2,0.8,0.6,3056000,361055.5081
1256,110.6440192,2.545362882,0.307668467,73.33345179,0.206152793,0.2,0.8,0.3,356000,17613.69461
2953,56.69362802,2.517349821,0.231489646,3.736056388,0.182069912,0.807439909,0.192560091,0.6,2053000,43186.16756
1275,41.93580346,2.645813939,0.106037064,88.07473636,0.055111563,0.37382057,0.62617943,0.6,375000,7764.688567
2058,80.19107626,2.360752153,0.118972194,12.50526142,0.204110021,0.2,0.8,0.3,1158000,56726.25696
1155,94.95802674,2.339315063,0.222501612,86.27240292,0.266593274,0.2,0.8,0.3,255000,16315.50839
4625,63.07074902,2.263046196,0.174697756,60.59770231,0.28082578,0.2,0.8,0.6,3725000,502116.4942
3136,97.45421498,2.402317553,0.161261685,22.39029218,0.204472066,0.2,0.8,0.3,2236000,109727.8894
1345,89.2706846,2.306976081,0.17372667,38.80042091,0.258375295,0.2,0.8,0.3,445000,27594.48148
2030,96.4816604,2.415090414,0.234206311,93.47298375,0.234557949,0.2,0.8,0.3,1130000,63612.11566
2661,70.49828165,2.329706869,0.324718705,86.9444901,0.322505918,0.2,0.8,0.6,1761000,272607.802
4564,96.84297931,2.560689714,0.124440398,80.95161617,0.106875342,0.2,0.8,0.3,3664000,93981.90108
1662,119.7308025,2.596548186,0.101261665,72.64680856,0.077356739,0.230031415,0.769968585,0.3,762000,13615.9324
3550,113.5780506,2.461918647,0.328270875,19.78236134,0.258176114,0.2,0.8,0.3,2650000,164200.0085
3203,108.9054195,2.223905424,0.069591216,51.43597337,0.247842896,0.2,0.8,0.3,2303000,136987.7254
1694,40.85974741,2.203274952,0.307922993,34.47596499,0.35,0.2,0.8,0.6,794000,133392
3229,80.59724944,2.268551005,0.312458524,50.97215994,0.346953759,0.2,0.8,0.3,2329000,193933.2732
1352,112.420286,2.412413961,0.147213835,2.918824134,0.192399937,0.9,0.1,0.3,452000,2608.943146
3561,73.30481297,2.28872467,0.245808243,11.21561764,0.303541787,0.2,0.8,0.6,2661000,387707.8533
2437,97.29990818,2.58452026,0.096451205,91.79757513,0.080965473,0.2,0.8,0.3,1537000,29866.5435
3403,108.8115042,2.388898357,0.103340651,66.55850797,0.182221147,0.2,0.8,0.3,2503000,109463.8873
2312,65.76407446,2.35428891,0.126425931,96.24527848,0.211068511,0.2,0.8,0.6,1412000,143053.7939
1382,61.06052468,2.608813171,0.284092491,4.499948489,0.16263966,0.840116552,0.159883448,0.6,482000,7520.180299
1474,53.07833834,2.517096703,0.075321889,64.54418185,0.104112593,0.2,0.8,0.6,574000,28685.10161
2189,57.62482173,2.542117029,0.257904064,21.79556229,0.182893518,0.2,0.8,0.6,1289000,113159.8772
2134,110.2074132,2.246252794,0.228908656,45.49480365,0.316327931,0.2,0.8,0.3,1234000,93683.68008
4409,91.09987443,2.415580523,0.340345676,37.86462352,0.287382576,0.2,0.8,0.3,3509000,242022.1104
1118,100.3005858,2.331304925,0.082569162,50.52799475,0.200632118,0.2,0.8,0.3,218000,10497.07243
1355,43.43888018,2.337231424,0.239577577,56.08124124,0.276173076,0.2,0.8,0.6,455000,60316.19987
1741,51.79653942,2.551808687,0.254919883,40.97316509,0.176555598,0.2,0.8,0.6,841000,71271.96381
1895,117.835625,2.31095822,0.08591194,84.78187111,0.21247686,0.2,0.8,0.3,995000,50739.47415
3162,61.04364481,2.560505685,0.152873683,84.84245122,0.121183999,0.2,0.8,0.6,2262000,131576.7389
2563,113.0167538,2.42357493,0.327513582,14.04299389,0.276969326,0.2,0.8,0.3,1663000,110543.9973
1863,94.23626853,2.427683157,0.125463376,59.03221581,0.17389011,0.2,0.8,0.3,963000,40189.48211
3682,50.02841564,2.342992991,0.263694711,12.29976179,0.28535086,0.2,0.8,0.6,2782000,381046.1244
1642,117.9062323,2.499006177,0.324524542,7.822947761,0.237759183,0.226128328,0.773871672,0.3,742000,40957.30844
3731,44.33874611,2.341661296,0.153969709,95.93110278,0.231154206,0.2,0.8,0.6,2831000,314110.828
3808,44.58208436,2.442564387,0.140655309,57.51031137,0.174045461,0.2,0.8,0.6,2908000,242939.6162
4097,46.50303551,2.382045784,0.331633218,47.98278359,0.299793717,0.2,0.8,0.6,3197000,460051.4467
1167,88.54074543,2.356650377,0.245288575,29.79385245,0.269319099,0.2,0.8,0.3,267000,17257.96786
1846,61.5245813,2.636918227,0.190901617,74.76520489,0.101991695,0.2,0.8,0.6,946000,46312.3887
3445,105.129249,2.528052419,0.085824962,22.07673115,0.103886271,0.419709611,0.580290389,0.3,2545000,46026.99033
4486,119.8675137,2.621078726,0.194644741,89.36848249,0.111783007,0.2,0.8,0.3,3586000,96204.92728
2318,106.8105226,2.221658239,0.284046605,82.19171107,0.35,0.2,0.8,0.3,1418000,119112
3965,70.29576134,2.610853282,0.050301903,47.66571768,0.05,0.839177546,0.160822454,0.6,3065000,14787.62462
4469,115.6596497,2.276376173,0.337685804,82.24969843,0.35,0.2,0.8,0.3,3569000,299796
2876,69.91098365,2.646490787,0.092907538,54.61698918,0.05,0.73237285,0.26762715,0.6,1976000,15864.93747
3773,53.73904952,2.246800076,0.052791618,32.93128846,0.227995771,0.2,0.8,0.6,2873000,314415.2878
3093,76.29252727,2.357149871,0.174370584,6.969974445,0.233610357,0.262896394,0.737103606,0.6,2193000,226574.2285
1338,83.82333938,2.357694765,0.295353686,19.67663675,0.293829461,0.2,0.8,0.3,438000,30887.35292
1753,113.1333236,2.307478866,0.346260848,90.9288841,0.344390991,0.2,0.8,0.3,853000,70503.72375
3395,49.04523621,2.544046328,0.18162025,33.71287396,0.143786961,0.2,0.8,0.6,2495000,172199.2644
3193,42.59043706,2.472513549,0.128012075,3.219411523,0.152749263,0.9,0.1,0.6,2293000,21015.2436
4780,54.35879557,2.48865714,0.109069737,35.18713814,0.135206298,0.2,0.8,0.6,3880000,251808.2101
2444,63.80541385,2.412499967,0.193524898,48.56367575,0.215512466,0.2,0.8,0.6,1544000,159720.5985
3813,44.62689062,2.331432932,0.224200231,60.22177246,0.271383649,0.2,0.8,0.6,2913000,379459.474
4954,52.7728178,2.632508265,0.081674477,14.32895113,0.05,0.9,0.1,0.6,4054000,12162
2382,119.3520719,2.600118667,0.347629141,98.16280393,0.198755237,0.2,0.8,0.3,1482000,70693.26256
2526,81.60373825,2.55275961,0.170708379,93.29956514,0.133974385,0.2,0.8,0.3,1626000,52282.16387
2732,85.51123648,2.640876347,0.089035051,12.29971859,0.05,0.9,0.1,0.3,1832000,2748
4199,47.83937328,2.318019787,0.099063633,58.31734607,0.215521923,0.2,0.8,0.6,3299000,341283.2754
4502,48.60288881,2.244602446,0.079900259,30.80991537,0.242648907,0.2,0.8,0.6,3602000,419530.2535
4210,71.0137051,2.361751643,0.326404503,58.8535332,0.30732643,0.2,0.8,0.6,3310000,488280.2318
3259,68.64456384,2.241656885,0.261372156,37.02691581,0.334857635,0.2,0.8,0.6,2359000,379165.9976
2828,62.77882819,2.537514144,0.220252899,53.1606687,0.166369378,0.2,0.8,0.6,1928000,153964.8771
1075,92.47891113,2.383198724,0.205498542,6.707771922,0.236149909,0.267329045,0.732670955,0.3,175000,9083.559413
4196,61.14388658,2.204737813,0.237669854,38.04278643,0.341466021,0.2,0.8,0.6,3296000,540226.5624
4106,43.87929365,2.335035181,0.097703962,66.80971251,0.20633439,0.2,0.8,0.6,3206000,317523.8664
1166,59.45558753,2.222835613,0.215987709,70.25967313,0.321576048,0.2,0.8,0.6,266000,41058.82986
1431,64.68291471,2.477164244,0.133674306,57.34696443,0.153255031,0.2,0.8,0.6,531000,39061.64227
3528,46.84964542,2.515114268,0.18592643,2.716465101,0.160406081,0.9,0.1,0.6,2628000,25292.83087
1694,98.35013723,2.367051205,0.343444301,68.86676181,0.313196548,0.2,0.8,0.3,794000,59682.73414
1234,50.8786726,2.536287878,0.208566128,60.62282333,0.161139125,0.2,0.8,0.6,334000,25833.82447
3579,94.74653792,2.499559493,0.22936559,90.49866624,0.189903049,0.2,0.8,0.3,2679000,122100.0643
3707,101.142727,2.501528124,0.125474631,54.50913109,0.136973254,0.2,0.8,0.3,2807000,92276.14158
3534,105.6483622,2.362028159,0.307572358,29.16852553,0.2977721,0.2,0.8,0.3,2634000,188239.6105
3195,56.41752207,2.476439463,0.262478944,85.86638563,0.218019741,0.2,0.8,0.6,2295000,240170.5462
3984,62.64038783,2.252208632,0.165021627,59.84232582,0.281406497,0.2,0.8,0.6,3084000,416571.6661
4874,45.07249628,2.302047829,0.311930451,51.46510528,0.329941311,0.2,0.8,0.6,3974000,629369.6494
4816,81.69757992,2.601612699,0.325140142,19.25231221,0.186763722,0.2,0.8,0.3,3916000,175528.0164
3597,63.52865229,2.370462366,0.092411356,55.34827262,0.185974495,0.2,0.8,0.6,2697000,240755.1424
2513,75.58096982,2.495990342,0.076370913,44.38563961,0.115190286,0.2,0.8,0.6,1613000,89184.92671
3715,87.38538043,2.567998427,0.271816651,97.04158191,0.176909112,0.2,0.8,0.3,2815000,119519.796
1176,42.87839295,2.5835187,0.314745712,27.60015569,0.190613506,0.2,0.8,0.6,276000,25252.47728
3870,48.92166728,2.635599777,0.249124056,85.16170136,0.131762139,0.2,0.8,0.6,2970000,187840.1054
4705,93.64813817,2.597517871,0.29455912,19.51509154,0.173520625,0.2,0.8,0.3,3805000,158459.0344
2696,91.91441007,2.346122771,0.074595827,24.02420014,0.189236528,0.2,0.8,0.3,1796000,81568.51301
1421,73.94905315,2.631299514,0.198412656,31.57082517,0.108556571,0.268783024,0.731216976,0.6,521000,24813.69015
4032,99.81628045,2.449392186,0.144492658,68.23290046,0.172550236,0.2,0.8,0.3,3132000,129702.5615
3932,117.5017927,2.596433235,0.196247,13.10000187,0.124906882,0.489278245,0.510721755,0.3,3032000,58025.80536
4531,106.225326,2.232097795,0.158746223,44.83924569,0.288324214,0.2,0.8,0.3,3631000,251257.2532
2413,94.95586828,2.565816013,0.197815061,21.55559648,0.140999524,0.233348311,0.766651689,0.3,1513000,49065.46582
1820,52.65646442,2.308151563,0.204581127,77.41961367,0.273214782,0.2,0.8,0.6,920000,120651.6477
4130,52.28179641,2.269901198,0.221928439,4.341094125,0.301013621,0.254230998,0.745769002,0.6,3230000,435055.084
1296,97.04408227,2.40509966,0.295687216,84.59542087,0.270293778,0.2,0.8,0.3,396000,25688.72066
1090,44.13276368,2.539714961,0.150113438,90.78210191,0.130199239,0.2,0.8,0.6,190000,11874.17057
4025,58.45043514,2.211382202,0.200798879,79.47658294,0.319708339,0.2,0.8,0.6,3125000,479562.508
2220,114.2067659,2.426651242,0.179365511,16.29975985,0.201357134,0.2,0.8,0.3,1320000,63789.94015
3769,92.50358417,2.407015314,0.318444405,26.24803397,0.280714546,0.2,0.8,0.3,2869000,193288.8076
2553,48.05889552,2.35872574,0.053148507,78.16723463,0.172211383,0.2,0.8,0.6,1653000,136639.4
1644,63.67631964,2.339458742,0.287809642,40.02814832,0.29917545,0.2,0.8,0.6,744000,106841.5368
2346,54.79881707,2.31263502,0.251866308,31.05046819,0.294615644,0.2,0.8,0.6,1446000,204486.8263
4679,59.63887644,2.26341876,0.301252694,17.92467002,0.343916967,0.2,0.8,0.6,3779000,623837.8647
2398,64.20290788,2.344384971,0.204916448,69.53531882,0.255265738,0.2,0.8,0.6,1498000,183546.2765
3706,44.44731722,2.609315423,0.136305071,95.19059728,0.088494824,0.2,0.8,0.6,2806000,119191.9087
4588,116.7601841,2.200707188,0.317756493,13.4462283,0.35,0.2,0.8,0.3,3688000,309792
4265,88.86116328,2.528102707,0.151946887,68.18525051,0.13692209,0.2,0.8,0.3,3365000,110578.28
2260,68.53894454,2.483537534,0.194469621,21.35521183,0.180466043,0.2,0.8,0.6,1360000,117808.2332
3827,85.75901614,2.530445915,0.301040389,77.26585584,0.210297237,0.2,0.8,0.3,2927000,147729.603
2877,46.13459264,2.234978595,0.237935645,38.04191996,0.326478525,0.2,0.8,0.6,1977000,309815.0613
1291,74.06016915,2.635667811,0.060852115,24.9554711,0.05,0.9,0.1,0.6,391000,1173
1129,47.94752539,2.493940154,0.177235002,78.63484668,0.166647424,0.2,0.8,0.6,229000,18317.88487
3399,106.2545364,2.55249085,0.243993868,40.36617528,0.170751509,0.2,0.8,0.3,2499000,102409.9252
3495,81.20044057,2.310020957,0.234172557,11.81636958,0.2870758,0.2,0.8,0.3,2595000,178790.8082
3840,85.80722881,2.329445653,0.285627461,59.236078,0.303090904,0.2,0.8,0.3,2940000,213860.942
2661,50.39762353,2.49236475,0.110365348,55.70840564,0.134000299,0.2,0.8,0.6,1761000,113267.7726
3328,76.68193764,2.548553948,0.265801265,93.05899578,0.183623659,0.2,0.8,0.6,2428000,214002.3568
4469,109.28259,2.581985413,0.326537329,54.27500524,0.197275958,0.2,0.8,0.3,3569000,168978.6943
1928,42.95828915,2.595773327,0.093457212,55.58416364,0.073841943,0.329945872,0.670054128,0.6,1028000,30518.09111
2654,111.8444204,2.435931925,0.31333866,33.45707447,0.263703367,0.2,0.8,0.3,1754000,111008.5695
3001,62.61345049,2.227381815,0.162412796,8.316556506,0.292515491,0.2,0.8,0.6,2101000,294996.0222
3045,103.3261615,2.471680556,0.323053451,26.47231018,0.250686447,0.2,0.8,0.3,2145000,129053.3831
1215,71.38311761,2.608790088,0.347626675,44.22030262,0.194418293,0.2,0.8,0.6,315000,29396.04592
2666,59.48223611,2.487218641,0.139263645,86.1053812,0.151022502,0.2,0.8,0.6,1766000,128018.7543
3819,49.82801685,2.215378241,0.110248823,21.14105981,0.272435291,0.2,0.8,0.6,2919000,381714.535
4963,100.9642132,2.296008396,0.324536077,78.24027415,0.33926384,0.2,0.8,0.3,4063000,330822.9559
2104,100.286076,2.361283537,0.326337095,67.93503451,0.307526779,0.2,0.8,0.3,1204000,88862.93809
3168,62.89433728,2.627877237,0.318421788,38.67048095,0.170272276,0.2,0.8,0.6,2268000,185365.2101
1810,55.78063445,2.273192616,0.171889335,77.6438085,0.27434836,0.2,0.8,0.6,910000,119835.3635
4164,93.88516531,2.254515772,0.216803494,8.328379008,0.306143861,0.2,0.8,0.3,3264000,239820.855
4528,52.17899753,2.34228699,0.176025253,60.24220373,0.241869132,0.2,0.8,0.6,3628000,421200.5807
4647,84.36509225,2.269150878,0.158775618,72.07257132,0.26981237,0.2,0.8,0.3,3747000,242636.8679
1868,55.8167664,2.312818441,0.21419788,63.44645137,0.27568972,0.2,0.8,0.6,968000,128096.4714
1420,50.19160182,2.347770589,0.16314149,31.30292229,0.23268545,0.2,0.8,0.6,520000,58078.28844
2956,75.13535431,2.476913179,0.078677809,26.62603599,0.125882315,0.237008568,0.762991432,0.6,2056000,118483.7365
3207,49.82476327,2.364483569,0.262856165,35.7924763,0.274186298,0.2,0.8,0.6,2307000,303622.9386
2964,63.33849259,2.64554944,0.131736464,22.41003052,0.068093512,0.9,0.1,0.6,2064000,8432.700571
4788,40.71849287,2.573769829,0.129947281,61.91234956,0.103088726,0.2,0.8,0.6,3888000,192388.3038
2563,109.6786986,2.609244442,0.177308029,66.89047408,0.109031793,0.2,0.8,0.3,1663000,43516.76939
4867,97.78011295,2.434771954,0.261681762,7.33680668,0.238454904,0.239706829,0.760293171,0.3,3967000,215759.9353
4946,76.38334975,2.423172074,0.134438921,3.180664463,0.180633424,0.9,0.1,0.6,4046000,43850.56992
4111,74.4245533,2.633299141,0.287152413,41.80207324,0.151926636,0.2,0.8,0.6,3211000,234161.4854
1724,93.0684526,2.201417743,0.090935961,49.81091029,0.269759109,0.2,0.8,0.3,824000,53347.56135
4068,114.7681908,2.482759475,0.339969868,16.35763203,0.253605197,0.2,0.8,0.3,3168000,192821.1031
4085,100.2832428,2.347499267,0.25519025,22.20766477,0.278845492,0.2,0.8,0.3,3185000,213149.4939
1751,60.27664252,2.564682828,0.244183203,76.29349973,0.164750188,0.2,0.8,0.6,851000,67297.1566
3498,86.3944516,2.445292259,0.070421866,36.10350099,0.137564803,0.2,0.8,0.3,2598000,85774.40615
3536,102.3776568,2.482841219,0.145748134,3.245445028,0.156453458,0.9,0.1,0.3,2636000,12372.33944
1918,55.5559941,2.381609275,0.309513665,92.66884188,0.288952195,0.2,0.8,0.6,1018000,141193.6005
4404,45.2308587,2.380450066,0.120332503,25.89054218,0.194941219,0.2,0.8,0.6,3504000,327875.5346
1352,45.24959658,2.305817517,0.079640418,43.00466448,0.211911451,0.2,0.8,0.6,452000,45976.30836
3372,103.8490675,2.472178344,0.09558417,27.35780679,0.136702913,0.2,0.8,0.3,2472000,81103.10408
1481,42.38181767,2.565925868,0.237749509,46.10202512,0.160911821,0.2,0.8,0.6,581000,44875.0886
1014,101.176261,2.510775871,0.239794915,70.00034622,0.189509522,0.2,0.8,0.3,114000,5184.980523
3571,81.06746528,2.300102777,0.199031502,25.66785803,0.274464363,0.2,0.8,0.3,2671000,175942.6351
2212,45.25969059,2.568240043,0.30883476,4.401506621,0.195297358,0.595670241,0.404329759,0.6,1312000,62160.88098
1616,107.9484978,2.614575332,0.279088306,16.57288688,0.157256487,0.243997117,0.756002883,0.3,716000,25536.78956
1915,70.22050127,2.382179946,0.290459339,42.21096618,0.279139697,0.2,0.8,0.6,1015000,135996.8602
2690,45.48093719,2.56475328,0.132573675,86.65912132,0.108910198,0.2,0.8,0.6,1790000,93575.64175
2576,77.27969096,2.380641239,0.204365741,48.92803063,0.236862251,0.2,0.8,0.6,1676000,190550.944
4913,106.0845136,2.406266764,0.123306231,97.11365157,0.183519734,0.2,0.8,0.3,4013000,176751.526
4892,96.41381068,2.437653037,0.278491972,40.03337791,0.245419468,0.2,0.8,0.3,3992000,235131.4836
2583,99.15046045,2.445665709,0.253150129,26.71728097,0.22874221,0.2,0.8,0.3,1683000,92393.55341
2269,72.50896844,2.371258189,0.212066028,41.0417405,0.24540392,0.2,0.8,0.6,1369000,161259.8236
3079,110.4137142,2.461871785,0.198710982,38.8039306,0.193419599,0.2,0.8,0.3,2179000,101150.7133
2508,43.84191633,2.54961587,0.07808908,51.31323477,0.089236605,0.24472849,0.75527151,0.6,1608000,65025.46035
2788,61.5861522,2.264910418,0.325487204,32.39963774,0.35,0.2,0.8,0.6,1888000,317184
4464,52.81798868,2.314498971,0.237932249,92.45624412,0.286716639,0.2,0.8,0.6,3564000,490491.889
2846,97.60287287,2.627586837,0.2225686,14.91932482,0.122490882,0.44672814,0.55327186,0.3,1946000,39564.56847
4170,66.27258555,2.464582445,0.133377214,21.19829102,0.159397384,0.2,0.8,0.6,3270000,250190.1346
3403,63.8632407,2.350248815,0.11631001,38.10863632,0.208030598,0.2,0.8,0.6,2503000,249936.2813
3724,116.5305152,2.63859025,0.252119949,63.4385952,0.13176485,0.2,0.8,0.3,2824000,89304.94465
2498,86.15116617,2.449787304,0.258807107,13.62848474,0.229509901,0.2,0.8,0.3,1598000,88021.63742
4028,49.22549376,2.50829198,0.310651337,96.76462516,0.226179679,0.2,0.8,0.6,3128000,339595.2165
4297,103.2633111,2.518400581,0.075715991,79.39292629,0.103657705,0.2,0.8,0.3,3397000,84510.05375
3927,102.9228683,2.595657013,0.221443827,82.52347527,0.137893407,0.2,0.8,0.3,3027000,100176.8024
2439,77.91075081,2.452837567,0.139912808,19.28488636,0.168537621,0.2,0.8,0.6,1539000,124502.111
4664,60.12640549,2.579103427,0.180477641,10.04404655,0.125687107,0.630245605,0.369754395,0.6,3764000,104955.4365
2402,78.59294422,2.49791416,0.336920286,49.14920059,0.244503063,0.2,0.8,0.6,1502000,176276.9282
2435,57.52145371,2.501697417,0.257310799,92.33205877,0.202806691,0.2,0.8,0.6,1535000,149427.9701
4523,116.3187284,2.52450637,0.120081206,76.18796805,0.122787418,0.2,0.8,0.3,3623000,106766.1159
3585,67.66571781,2.235719011,0.134641717,68.56519824,0.274461353,0.2,0.8,0.6,2685000,353725.7922
3169,84.08018861,2.486015772,0.147006598,36.64445855,0.155495413,0.2,0.8,0.3,2269000,84676.58223
3876,107.4372948,2.288739561,0.30535956,86.43266082,0.33331,0.2,0.8,0.3,2976000,238063.3343
1535,42.98406447,2.394800887,0.112206185,30.84563434,0.183702649,0.2,0.8,0.6,635000,55992.56751
2590,80.15245603,2.333611626,0.185084598,68.54027538,0.250736486,0.2,0.8,0.3,1690000,101698.7187
2790,119.0661994,2.594927276,0.33746388,67.37504838,0.196268302,0.2,0.8,0.3,1890000,89027.3018
1219,106.5046333,2.23679438,0.235069018,14.32274441,0.324137319,0.2,0.8,0.3,319000,24815.95312
2952,63.76774317,2.405553557,0.231641643,99.38608439,0.238044043,0.2,0.8,0.6,2052000,234463.8609
1179,85.08396995,2.421978938,0.34621578,73.40230437,0.287118421,0.2,0.8,0.3,279000,19225.44947
4156,72.89963753,2.351738215,0.215964135,48.25757605,0.25711296,0.2,0.8,0.6,3256000,401836.7032
3890,47.32612797,2.503299271,0.223330621,10.28028032,0.185015675,0.284169846,0.715830154,0.6,2990000,237596.9999
4821,49.17111488,2.519395862,0.252594477,17.15585817,0.191599307,0.2,0.8,0.6,3921000,360605.2245
4675,99.26379207,2.298537185,0.181286573,25.50994896,0.266374694,0.2,0.8,0.3,3775000,241335.4729
1176,57.94873139,2.557442392,0.098132177,87.31394177,0.095344892,0.2,0.8,0.6,276000,12631.29131
3684,40.67179604,2.343477236,0.222770583,65.93768408,0.264646673,0.2,0.8,0.6,2784000,353652.6423
4996,49.5533619,2.442082777,0.060775236,14.51101133,0.134346229,0.381813566,0.618186434,0.6,4096000,204106.1782
1500,49.34942739,2.366944119,0.101221468,66.98719296,0.192138675,0.2,0.8,0.6,600000,55335.93836
1246,90.07233219,2.299665666,0.089036566,5.093415884,0.21968545,0.406806865,0.593193135,0.3,346000,13526.79052
1890,113.9153509,2.489761859,0.051428291,69.79211657,0.105833216,0.2,0.8,0.3,990000,25145.97213
4397,94.96224929,2.247867276,0.121640712,96.99221275,0.261886718,0.2,0.8,0.3,3497000,219796.2847
2600,51.97245659,2.276871966,0.20649453,49.30425227,0.289811282,0.2,0.8,0.6,1700000,236486.0061
3907,89.3213535,2.330222627,0.083290369,39.9741796,0.201533871,0.2,0.8,0.3,3007000,145442.9641
1424,103.6914328,2.416517502,0.186357366,19.72984905,0.209919932,0.2,0.8,0.3,524000,26399.53066
4944,49.85124916,2.425900844,0.058620476,56.34757,0.141359816,0.2,0.8,0.6,4044000,274396.3658
2953,118.7167386,2.459337719,0.058622261,35.34890009,0.124642271,0.2,0.8,0.3,2053000,61413.73993
3264,104.9703452,2.233429141,0.147893559,32.16178805,0.282232209,0.2,0.8,0.3,2364000,160127.2661
1597,62.437705,2.53331024,0.090592152,60.83859577,0.103640956,0.2,0.8,0.6,697000,34674.11827
2471,103.3181593,2.369821207,0.151616146,80.34404014,0.215897469,0.2,0.8,0.3,1571000,81401.98188
1178,97.16818797,2.527236921,0.229416351,36.88793212,0.176089715,0.2,0.8,0.3,278000,11748.70577
4839,65.42120326,2.426021539,0.262535027,10.7168766,0.243256744,0.2,0.8,0.6,3939000,459930.3911
4599,113.6110991,2.241543552,0.315490982,64.28437065,0.35,0.2,0.8,0.3,3699000,310716
4918,75.86724576,2.594433385,0.063635683,91.40972064,0.059601149,0.307962867,0.692037133,0.6,4018000,99436.35875
2792,78.07210155,2.340824003,0.303945312,93.0198944,0.306560654,0.2,0.8,0.6,1892000,278406.1239
4431,115.5625122,2.640468445,0.165402777,69.15337763,0.087467166,0.2,0.8,0.3,3531000,74123.17541
3639,48.47349184,2.356373719,0.140294622,71.38143004,0.216960451,0.2,0.8,0.6,2739000,285242.2448
1377,60.84652813,2.547893355,0.246375318,35.835588,0.174240982,0.2,0.8,0.6,477000,39894.21517
4840,85.7108165,2.416237773,0.093510656,30.57357312,0.163636442,0.2,0.8,0.3,3940000,154734.6193
3937,78.08668819,2.203189592,0.231353674,9.322519041,0.339082041,0.2,0.8,0.6,3037000,494300.2358
4828,103.0376462,2.450654866,0.076514812,22.54418707,0.137929973,0.233156818,0.766843182,0.3,3928000,124640.145
3474,73.86268212,2.533209994,0.127167167,49.84268603,0.121978586,0.2,0.8,0.6,2574000,150706.9829
1831,101.7208946,2.605188577,0.176181178,94.4085739,0.1104963,0.2,0.8,0.3,931000,24689.29332
3807,75.93450353,2.573496688,0.180800968,35.10353697,0.12865214,0.2,0.8,0.6,2907000,179516.0506
4563,46.12711738,2.49764348,0.069979998,15.00121275,0.111168259,0.539401338,0.460598662,0.6,3663000,112536.0444
2113,75.70160366,2.566410656,0.150984385,35.99209447,0.117286864,0.201973377,0.798026623,0.6,1213000,68120.65375
3019,47.81616145,2.23910324,0.052626562,58.404566,0.231761661,0.2,0.8,0.6,2119000,235729.4202
4648,72.08941142,2.375815313,0.053711744,21.72704943,0.163948215,0.2,0.8,0.6,3748000,294949.397
3451,45.16173374,2.482143368,0.158343392,48.79605694,0.163100012,0.2,0.8,0.6,2551000,199712.7028
2584,110.8567382,2.452489696,0.069496417,89.870023,0.133503361,0.2,0.8,0.3,1684000,53956.71819
1401,68.86809327,2.633262704,0.152013541,63.57269932,0.084375418,0.220951762,0.779048238,0.6,501000,19759.19578
3156,55.69065217,2.35413493,0.238660326,77.36784035,0.267262698,0.2,0.8,0.6,2256000,289413.4306
4924,64.53840862,2.604410148,0.279375586,70.17745029,0.162482719,0.2,0.8,0.6,4024000,313838.6213
4396,63.54317906,2.335259022,0.231121101,42.661872,0.27293104,0.2,0.8,0.6,3496000,458000.1189
4169,91.13918666,2.363814799,0.218081299,93.71757418,0.25213325,0.2,0.8,0.3,3269000,197813.6627
4584,67.59872851,2.451534298,0.346666497,96.95581138,0.272566099,0.2,0.8,0.6,3684000,481984.0846
1190,69.49402915,2.607234254,0.308651933,98.27695542,0.175708839,0.2,0.8,0.6,290000,24458.67041
4005,97.56728745,2.289720359,0.144912543,53.18477203,0.252596092,0.2,0.8,0.3,3105000,188234.6079
3958,63.43180745,2.39395002,0.25700817,51.85033038,0.256529075,0.2,0.8,0.6,3058000,376543.6377
4612,119.1224648,2.553710024,0.190142278,93.71993641,0.143216127,0.2,0.8,0.3,3712000,127588.3833
2345,51.04965971,2.384475056,0.23918094,84.14425602,0.252352942,0.2,0.8,0.6,1445000,175032.0008
1855,74.24282758,2.624991565,0.333175629,70.22933824,0.179092032,0.2,0.8,0.6,955000,82095.78755
3149,110.8653689,2.273352759,0.075615682,21.57329657,0.226131462,0.2,0.8,0.3,2249000,122056.7177
4164,52.06659795,2.25702405,0.244769536,89.49852621,0.318872743,0.2,0.8,0.6,3264000,499584.3037
4149,111.7684615,2.453059007,0.349887087,4.005665496,0.27341404,0.333951729,0.666048271,0.3,3249000,177499.6427
4219,114.9140587,2.307410394,0.322630237,7.507538711,0.332609921,0.2,0.8,0.3,3319000,264943.759
2533,111.4978254,2.521452771,0.161185594,33.65673969,0.144866411,0.2,0.8,0.3,1633000,56776.04384
3658,117.0229175,2.432495738,0.246531566,11.97710446,0.232017914,0.2,0.8,0.3,2758000,153577.2975
2433,113.3774341,2.502453663,0.206287862,96.55015363,0.176917099,0.2,0.8,0.3,1533000,65091.33916
2200,118.8275388,2.35263466,0.161866906,13.633284,0.229616123,0.2,0.8,0.3,1300000,71640.2303
3249,66.91228929,2.251394302,0.153240412,98.24693204,0.275923055,0.2,0.8,0.6,2349000,311108.7626
2975,54.81333997,2.450073653,0.070836016,30.15151309,0.135381182,0.2,0.8,0.6,2075000,134839.6569
2511,99.86100915,2.593847849,0.189521414,62.31967303,0.122836782,0.2,0.8,0.3,1611000,47493.61352
3364,88.22215638,2.353158292,0.32177727,24.90947605,0.309309489,0.2,0.8,0.3,2464000,182913.2593
2942,74.62813105,2.212220996,0.242075073,54.4934643,0.339927038,0.2,0.8,0.6,2042000,333182.8858
1045,41.8545011,2.636417817,0.334250382,69.85966473,0.173916283,0.2,0.8,0.6,145000,12104.57328
2808,68.05627545,2.444640782,0.329196103,18.5146482,0.26727766,0.2,0.8,0.6,1908000,244783.5726
4445,92.90462222,2.453971419,0.10413711,12.07688916,0.150082846,0.367606184,0.632393816,0.3,3545000,100938.3415
4599,61.15224506,2.616069907,0.310204408,99.87423147,0.17206725,0.2,0.8,0.6,3699000,305508.8442
3407,44.16459284,2.466982882,0.294111855,27.55375096,0.238564487,0.2,0.8,0.6,2507000,287078.9605
3861,42.83148552,2.33444788,0.210232892,4.477982908,0.262892506,0.323118003,0.676881997,0.6,2961000,316141.0037
2731,46.8885948,2.288202832,0.182477712,93.64122341,0.27213744,0.2,0.8,0.6,1831000,239176.1534
1645,59.73243859,2.214106562,0.062975037,61.76254129,0.249434238,0.2,0.8,0.6,745000,89197.68346
3445,40.48480137,2.383452242,0.345463994,77.72312523,0.306005876,0.2,0.8,0.6,2545000,373816.7784
4312,45.70678072,2.571543759,0.159266035,86.31272648,0.118861138,0.2,0.8,0.6,3412000,194666.0172
2234,67.00925243,2.402157154,0.195234679,35.60251185,0.221538762,0.2,0.8,0.6,1334000,141855.7004
4250,59.0047745,2.62909942,0.15630015,87.08679594,0.088600365,0.2,0.8,0.6,3350000,142469.3875
1835,47.37907545,2.414406927,0.128426127,36.1813331,0.1820096,0.2,0.8,0.6,935000,81685.90847
1703,53.48874569,2.338334944,0.237173537,77.35227468,0.274419297,0.2,0.8,0.6,803000,105772.1737
1743,81.98347292,2.357247322,0.233832953,76.66081069,0.263292816,0.2,0.8,0.3,843000,53269.40245
3939,97.58896839,2.626990214,0.120774511,94.95185594,0.071892148,0.203766891,0.796233109,0.3,3039000,52188.35985
2585,52.7430982,2.32982261,0.175023578,4.585779,0.247600484,0.355700028,0.644299972,0.6,1685000,161283.8039
3319,85.79858316,2.322413134,0.302825189,83.02207717,0.315206027,0.2,0.8,0.3,2419000,182996.0113
1443,107.0497655,2.207587403,0.267995673,4.104084923,0.35,0.2,0.8,0.3,543000,45612
3016,87.0486868,2.407178695,0.169157055,75.11673509,0.20598918,0.2,0.8,0.3,2116000,104609.5453
1457,75.62130709,2.284297393,0.182192586,65.70088721,0.273947596,0.2,0.8,0.6,557000,73242.6293
4014,91.18045942,2.233278422,0.211795692,73.83143374,0.314258635,0.2,0.8,0.3,3114000,234864.3336
2995,109.2880949,2.421169808,0.08277381,31.03107206,0.155802001,0.2,0.8,0.3,2095000,78337.24625
2611,117.7655444,2.431558417,0.30721901,19.94459984,0.262830296,0.2,0.8,0.3,1711000,107928.633
3578,84.35234534,2.297378095,0.269856401,67.77170031,0.311239153,0.2,0.8,0.3,2678000,200039.6284
1335,48.35651941,2.548524003,0.081511996,67.07534983,0.091493997,0.2,0.8,0.6,435000,19103.94651
1516,111.9366643,2.395630204,0.086972027,11.45538227,0.170670911,0.299689412,0.700310588,0.3,616000,22087.78504
3442,60.67456502,2.581202618,0.30802602,26.20692482,0.188411701,0.2,0.8,0.6,2542000,229892.4212
4817,74.1139549,2.637061483,0.228121644,56.5224156,0.120530081,0.2,0.8,0.6,3917000,226615.8364
1776,77.22501811,2.593037058,0.092206126,97.88536816,0.074584534,0.2,0.8,0.6,876000,31361.30505
3585,69.90824906,2.532680713,0.217446596,79.92153289,0.167382942,0.2,0.8,0.6,2685000,215723.1351
4270,92.6661253,2.24411032,0.077940012,84.64233086,0.241914846,0.2,0.8,0.3,3370000,195660.7275
1450,89.89614336,2.410620265,0.210180264,70.87225795,0.22478,0.2,0.8,0.3,550000,29670.95996
3678,75.43434733,2.305799452,0.280871435,66.57141253,0.312535992,0.2,0.8,0.6,2778000,416747.9931
2153,113.0088766,2.398808004,0.272204207,62.09939643,0.261698101,0.2,0.8,0.3,1253000,78697.85307
4369,90.57257825,2.312720313,0.066038647,33.22347562,0.201659167,0.2,0.8,0.3,3469000,167893.356
1078,79.38486227,2.233507529,0.331161424,9.792390662,0.35,0.2,0.8,0.6,178000,29904
2527,95.84781203,2.644929957,0.347752297,51.01240307,0.17641117,0.2,0.8,0.3,1627000,68885.03352
4473,114.5389783,2.528061015,0.105347703,91.600289,0.113643344,0.2,0.8,0.3,3573000,97451.44009
4849,115.4533765,2.608555361,0.121499179,52.02590792,0.081471909,0.289577322,0.710422678,0.3,3949000,68569.83379
4957,85.32156549,2.544807761,0.075062797,97.3167297,0.090127518,0.2,0.8,0.3,4057000,87755.36171
4923,110.2719928,2.538557558,0.2527213,24.32155261,0.182081871,0.2,0.8,0.3,4023000,175803.6883
1445,106.8882265,2.30267103,0.295516317,26.85771987,0.321422643,0.2,0.8,0.3,545000,42042.08173
1883,47.08606742,2.455776843,0.324762584,35.4971688,0.25949287,0.2,0.8,0.6,983000,122439.116
1959,83.79270431,2.552699658,0.066089311,47.46433652,0.081694826,0.315677389,0.684322611,0.3,1059000,17761.2145
4757,60.44609698,2.401586552,0.32715699,44.85114382,0.287785219,0.2,0.8,0.6,3857000,532794.043
3800,58.67458465,2.281116416,0.15844832,57.22245436,0.263665952,0.2,0.8,0.6,2900000,367023.0051
2697,80.28760125,2.483643454,0.175689798,19.60508314,0.171023172,0.2,0.8,0.3,1797000,73758.87357
1003,72.38097556,2.536285661,0.17255244,7.099417786,0.14313339,0.687535856,0.312464144,0.6,103000,2763.946424
1072,49.5930874,2.235679337,0.233287036,62.50785047,0.32380385,0.2,0.8,0.6,172000,26733.24583
2090,64.26055693,2.289987484,0.152379378,86.53119314,0.256195947,0.2,0.8,0.6,1190000,146339.125
2370,70.6544859,2.634361231,0.143498901,82.8875685,0.079568835,0.2,0.8,0.6,1470000,56143.77009
1745,94.20753196,2.403890465,0.058233172,63.20861625,0.152171354,0.2,0.8,0.3,845000,30860.35051
4233,92.78792551,2.425892461,0.327649625,77.97978155,0.275878582,0.2,0.8,0.3,3333000,220680.7954
4685,101.4001436,2.448381718,0.347359767,18.10468928,0.274489024,0.2,0.8,0.3,3785000,249345.8299
1742,111.273011,2.440019448,0.328156549,96.52928392,0.26906855,0.2,0.8,0.3,842000,54373.37268
2540,118.6569723,2.432944022,0.204010252,56.68790665,0.210533115,0.2,0.8,0.3,1640000,82865.83417
4146,57.51044691,2.501300671,0.257218834,67.60032241,0.202959082,0.2,0.8,0.6,3246000,316226.4858
3813,58.51772021,2.249180365,0.165211519,97.53991979,0.283015577,0.2,0.8,0.6,2913000,395723.7
1583,107.3497074,2.547265409,0.102818468,37.08950749,0.10277653,0.255247228,0.744752772,0.3,683000,15683.68232
1788,94.7710448,2.258679663,0.108245762,80.30123765,0.249783049,0.2,0.8,0.3,888000,53233.76342
1531,93.98893467,2.307108867,0.076453068,23.86583661,0.209672101,0.2,0.8,0.3,631000,31752.74291
2061,64.00524306,2.221952133,0.236427518,73.81793323,0.332237692,0.2,0.8,0.6,1161000,185149.4211
1119,46.49313572,2.58602255,0.29180409,29.43703983,0.17789077,0.2,0.8,0.6,219000,18699.87773
2808,95.19942962,2.499394833,0.176685975,37.5187835,0.163645571,0.2,0.8,0.3,1908000,74936.57969
3519,59.64729357,2.612064874,0.328699909,40.58331039,0.183317518,0.2,0.8,0.6,2619000,230452.1181
1432,48.23077279,2.424634688,0.313652533,2.629275687,0.269508923,0.523621631,0.476378369,0.6,532000,40981.52014
1032,96.52423179,2.485851697,0.2537714,55.62922085,0.208959851,0.2,0.8,0.3,132000,6619.848093
2902,46.55375634,2.233485983,0.068827975,80.50525628,0.242670996,0.2,0.8,0.6,2002000,233197.1203
3163,47.47438571,2.471595048,0.107124397,9.710926868,0.142764674,0.505240083,0.494759917,0.6,2263000,95907.16893
1122,53.25467236,2.451390451,0.311062907,79.33982853,0.254836228,0.2,0.8,0.6,222000,27155.34845
3587,110.299439,2.311726945,0.057753111,6.574235493,0.198013083,0.387942155,0.612057845,0.3,2687000,97695.66085
1294,71.46818231,2.295371951,0.142185433,12.87936582,0.248406741,0.2,0.8,0.6,394000,46978.68279
4585,105.0166876,2.498196104,0.054333446,44.08673292,0.103068671,0.213520085,0.786479915,0.3,3685000,89613.42111
2371,88.45968914,2.539077264,0.215121502,48.59408151,0.163022119,0.2,0.8,0.3,1471000,57553.32891
3288,44.87090066,2.63786662,0.291469312,16.06863669,0.151801346,0.270065884,0.729934116,0.6,2388000,158761.3771
2956,73.39100339,2.532109187,0.337461745,13.24491883,0.227676279,0.2,0.8,0.6,2056000,224689.1666
1025,53.64898374,2.543773781,0.185073268,94.03281556,0.145649743,0.2,0.8,0.6,125000,8738.984599
2143,67.70769907,2.289122008,0.061871374,28.14899403,0.211374683,0.2,0.8,0.6,1243000,126114.5908
3234,78.85091791,2.578249216,0.220985384,3.329664588,0.146368084,0.9,0.1,0.6,2334000,20497.38646
1322,64.18113952,2.552420528,0.050510517,56.63194469,0.074044995,0.322067657,0.677932343,0.6,422000,12710.00616
1281,96.18142294,2.635640571,0.302899983,8.321690675,0.158629706,0.477550598,0.522449402,0.3,381000,9472.726238
1962,51.73824817,2.302951318,0.161952173,86.60545791,0.254500427,0.2,0.8,0.6,1062000,129734.1378
4159,42.27261574,2.25080632,0.309330156,90.59386227,0.35,0.2,0.8,0.6,3259000,547512
1251,72.87421777,2.26536201,0.104527289,23.47696439,0.24458264,0.2,0.8,0.6,351000,41207.28313
4025,82.9929907,2.581673379,0.333498297,26.99673901,0.200912459,0.2,0.8,0.3,3125000,150684.3443
4901,85.81516539,2.42505382,0.27603097,51.29437341,0.250488575,0.2,0.8,0.3,4001000,240529.1491
2427,54.37884744,2.631676102,0.269420606,96.54910891,0.143872252,0.2,0.8,0.6,1527000,105452.6058
4687,66.44744133,2.473790898,0.273119832,56.99802612,0.224664467,0.2,0.8,0.6,3787000,408386.0817
1423,80.17396647,2.476336589,0.09788826,70.95554378,0.135775835,0.2,0.8,0.3,523000,17042.58286
2538,92.34376263,2.258538133,0.223884982,14.19619446,0.307673425,0.2,0.8,0.3,1638000,120952.5768
1278,47.09255999,2.440343641,0.151877245,51.59729267,0.180766802,0.2,0.8,0.6,378000,32798.32858
1401,99.97792333,2.258196183,0.062580754,86.32261233,0.227192285,0.2,0.8,0.3,501000,27317.60038
1984,55.0597163,2.556628396,0.320210806,14.75159349,0.206791205,0.2,0.8,0.6,1084000,107597.5998
1204,80.18652019,2.23519157,0.15547091,78.67123531,0.28513967,0.2,0.8,0.3,304000,20803.79033
2260,116.9699274,2.200111505,0.346647111,54.95646604,0.35,0.2,0.8,0.3,1360000,114240
3111,60.34582971,2.247992073,0.256155146,79.57986303,0.329081536,0.2,0.8,0.6,2211000,349247.6529
2782,43.07914826,2.39386387,0.206850382,23.51338589,0.231493256,0.2,0.8,0.6,1882000,209121.7479
2748,73.85921905,2.256295059,0.274317808,93.99017237,0.334011375,0.2,0.8,0.6,1848000,296281.4498
2750,97.56145787,2.34338618,0.096299324,91.78549576,0.201456572,0.2,0.8,0.3,1850000,89446.71785
4053,111.7946805,2.347518516,0.34422772,66.4073023,0.323354602,0.2,0.8,0.3,3153000,244688.8947
3329,117.9728406,2.493844401,0.281394329,27.22716911,0.218774964,0.2,0.8,0.3,2429000,127537.053
2299,54.64744392,2.372340081,0.184371137,26.52691265,0.231015528,0.2,0.8,0.6,1399000,155131.5474
1370,61.82836623,2.205435154,0.216843673,80.18896647,0.330704259,0.2,0.8,0.6,470000,74606.88094
1753,53.22942812,2.289121016,0.119871517,49.37226081,0.24037525,0.2,0.8,0.6,853000,98419.24246
2386,74.15693913,2.27953382,0.119547209,54.24023631,0.245006695,0.2,0.8,0.6,1486000,174758.3751
2631,105.0681634,2.394070645,0.27995207,53.99375148,0.267940713,0.2,0.8,0.3,1731000,111313.2897
4896,108.6142128,2.56899661,0.222380104,62.62573589,0.151691747,0.2,0.8,0.3,3996000,145478.4528
4641,105.3254389,2.436514853,0.160855304,18.32029324,0.187170225,0.2,0.8,0.3,3741000,168048.9149
3696,90.85169597,2.302212704,0.186341943,5.396795212,0.26706462,0.259795334,0.740204666,0.3,2796000,165816.0622
2485,112.9403436,2.395162369,0.302084573,78.08692187,0.278461102,0.2,0.8,0.3,1585000,105926.6033
1987,109.6952423,2.202325824,0.268602332,86.89430842,0.35,0.2,0.8,0.3,1087000,91308
1061,102.2223745,2.354113536,0.156279998,72.73403061,0.226083231,0.2,0.8,0.3,161000,8735.856051
3383,78.51717449,2.486010253,0.194999153,83.42355956,0.17949445,0.2,0.8,0.6,2483000,213928.665
1378,88.91184082,2.422546198,0.241291487,41.47947618,0.234372644,0.2,0.8,0.3,478000,26887.22975
4370,104.1323625,2.504430817,0.146097433,88.40854106,0.145833308,0.2,0.8,0.3,3470000,121449.9788
4568,96.09588167,2.427340139,0.16022063,62.57508625,0.191440245,0.2,0.8,0.3,3668000,168528.6769
1546,119.730926,2.412845154,0.234141074,4.194137476,0.23564796,0.429368291,0.570631709,0.3,646000,26059.9368
4662,61.47567336,2.269070908,0.298463573,87.17239365,0.339696333,0.2,0.8,0.6,3762000,613410.0494
2797,79.28511587,2.348983843,0.325892401,27.50548295,0.313454279,0.2,0.8,0.6,1897000,285418.9283
3874,98.73289051,2.454894788,0.112487563,18.79635578,0.153796387,0.224923107,0.775076893,0.3,2974000,106353.8321
3126,73.88418303,2.54905245,0.133206999,53.58085566,0.117077274,0.2,0.8,0.6,2226000,125094.726
1525,72.01012478,2.438527194,0.06056399,81.62267811,0.136018398,0.2,0.8,0.6,625000,40805.51939
3455,109.1438091,2.401393157,0.290867516,98.72061685,0.26973718,0.2,0.8,0.3,2555000,165402.8386
4296,57.70524991,2.375083859,0.260490253,9.324961591,0.267703197,0.2,0.8,0.6,3396000,436377.6273
1030,106.8923346,2.356932252,0.265470637,77.9910415,0.279269193,0.2,0.8,0.3,130000,8713.198809
4898,55.52495738,2.228170607,0.271865778,9.399789842,0.346847586,0.2,0.8,0.6,3998000,665614.391
2218,70.57008318,2.297964651,0.157353855,86.10505567,0.254694602,0.2,0.8,0.6,1318000,161129.9931
2766,49.1527577,2.454663419,0.222146468,54.89830463,0.208741524,0.2,0.8,0.6,1866000,186965.6086
1434,114.3491389,2.264089597,0.089688828,26.13450261,0.237799616,0.2,0.8,0.3,534000,30476.39872
4261,56.82984888,2.418585747,0.19367713,27.69494665,0.212545692,0.2,0.8,0.6,3361000,342895.7136
1489,116.45556,2.293103937,0.246548237,78.14439018,0.30172215,0.2,0.8,0.3,589000,42651.4431
4013,54.06021074,2.590114672,0.16277739,6.797909444,0.111331359,0.9,0.1,0.6,3113000,20794.47124
3300,98.08572455,2.481693404,0.186962116,14.49090642,0.177634356,0.218700873,0.781299127,0.3,2400000,99925.60851
4872,70.26082247,2.203687437,0.265852759,12.36384063,0.35,0.2,0.8,0.6,3972000,667296
3388,62.57150173,2.414830508,0.061680447,45.05325098,0.148424969,0.2,0.8,0.6,2488000,177255.0351
4494,100.2737027,2.230173771,0.144282759,60.33872907,0.282054494,0.2,0.8,0.3,3594000,243288.9243
2975,68.16490468,2.594071682,0.197970906,25.17461088,0.126949612,0.24647591,0.75352409,0.6,2075000,119096.1903
2350,51.3877774,2.211090683,0.073470634,21.57936171,0.256189976,0.2,0.8,0.6,1450000,178308.2231
1388,40.12791602,2.395286914,0.092706672,48.52281163,0.173709879,0.2,0.8,0.6,488000,40689.80201
2091,40.40970725,2.420221884,0.192692001,52.41215655,0.211235059,0.2,0.8,0.6,1191000,120758.8583
2193,91.82444621,2.583370785,0.071984695,78.66366174,0.069306955,0.264650184,0.735349816,0.3,1293000,19769.268
2883,115.2649634,2.49182726,0.186911459,56.0389039,0.172542099,0.2,0.8,0.3,1983000,82116.23584
3998,103.866348,2.271425488,0.148893762,58.74840025,0.263734137,0.2,0.8,0.3,3098000,196091.6052
2205,44.579249,2.633518909,0.238080866,51.50240579,0.127280979,0.2,0.8,0.6,1305000,79728.80502
4003,55.14340436,2.253499332,0.333780958,30.84722433,0.35,0.2,0.8,0.6,3103000,521304
1983,90.25663533,2.418005679,0.211671901,16.69359633,0.221833111,0.2,0.8,0.3,1083000,57658.86225
3634,106.9274579,2.353384381,0.088977569,81.19139407,0.192796594,0.2,0.8,0.3,2734000,126505.4129
1313,114.9673455,2.498183746,0.259276043,51.21570368,0.205546148,0.2,0.8,0.3,413000,20373.73423
2883,91.70716314,2.244233194,0.224705833,99.2862863,0.315236319,0.2,0.8,0.3,1983000,150027.2691
4166,119.2142524,2.201210655,0.117109719,68.17025958,0.282949532,0.2,0.8,0.3,3266000,221787.161
1086,56.67460804,2.535857503,0.111787988,23.85439736,0.112965242,0.328504917,0.671495083,0.6,186000,8465.485497
3137,55.79964387,2.481948705,0.205423392,62.57987267,0.186737344,0.2,0.8,0.6,2237000,200511.0902
3469,73.18524019,2.5820454,0.062282411,69.9974557,0.065118505,0.336906117,0.663093883,0.6,2569000,66557.16277
3734,88.22749302,2.384791115,0.243255422,54.85100173,0.254232154,0.2,0.8,0.3,2834000,172918.5417
1741,62.44335944,2.563216181,0.263106474,94.3667979,0.174945146,0.2,0.8,0.6,841000,70621.85669
3774,75.27923865,2.254265071,0.126981084,79.53951259,0.261358006,0.2,0.8,0.6,2874000,360548.5966
3632,102.3871617,2.441384405,0.250117463,52.94857922,0.229366529,0.2,0.8,0.3,2732000,150391.0458
1604,112.6716073,2.477977372,0.138659696,37.59032553,0.155341162,0.2,0.8,0.3,704000,26246.4427
3448,61.13172283,2.408233163,0.060434222,80.40050319,0.15110053,0.2,0.8,0.6,2548000,184801.9916
3089,99.66440747,2.48137547,0.187569615,36.21822558,0.178097073,0.2,0.8,0.3,2189000,93565.07813
1238,82.42304452,2.346125783,0.273493852,92.77626191,0.288684035,0.2,0.8,0.3,338000,23418.04889
2016,69.80547142,2.450775412,0.269933057,25.94612918,0.234578822,0.2,0.8,0.6,1116000,125659.1835
1274,110.1106334,2.610504122,0.30430545,83.00813919,0.171900664,0.2,0.8,0.3,374000,15429.80358
3707,86.52889448,2.641048908,0.22499294,17.17509182,0.116972016,0.425536663,0.574463337,0.3,2807000,56585.86488
3196,66.12482435,2.211873167,0.064059645,3.49820529,0.251093239,0.453403293,0.546596707,0.6,2296000,189071.1059
4671,81.81379217,2.470593801,0.22424591,95.00205198,0.201826055,0.2,0.8,0.3,3771000,182660.6525
1469,100.9439207,2.277939914,0.155058527,35.61256941,0.263559306,0.2,0.8,0.3,569000,35991.65887
4107,105.0355824,2.320712568,0.086166127,63.71990557,0.20772678,0.2,0.8,0.3,3207000,159883.1479
2962,85.85769302,2.460120823,0.156787513,47.62314068,0.173333345,0.2,0.8,0.3,2062000,85779.20582
2612,65.0358722,2.568108597,0.181035351,18.07850682,0.131463377,0.320057401,0.679942599,0.6,1712000,91818.89147
3871,83.85886116,2.252084893,0.207246542,90.24524327,0.302580824,0.2,0.8,0.3,2971000,215752.2311
1001,95.93252607,2.456273588,0.313217879,95.88149507,0.253472145,0.2,0.8,0.3,101000,6144.164801
4157,107.713526,2.434471975,0.149621649,75.61010946,0.182574837,0.2,0.8,0.3,3257000,142715.0985
3564,61.04229542,2.237369642,0.318742238,8.012619584,0.35,0.2,0.8,0.6,2664000,447552
3605,77.93435218,2.578165292,0.253514653,34.54048677,0.16267468,0.2,0.8,0.6,2705000,211216.8047
4736,95.1279651,2.620477322,0.080858859,73.37952425,0.055190768,0.447396138,0.552603862,0.3,3836000,35097.82526
4692,73.09152773,2.648900529,0.072904606,13.49667549,0.05,0.9,0.1,0.6,3792000,11376
1144,86.94412978,2.2922891,0.280693678,41.33743381,0.319202289,0.2,0.8,0.3,244000,18692.48604
3595,86.37669935,2.298420147,0.100172407,44.0874709,0.22587613,0.2,0.8,0.3,2695000,146096.6809
4453,81.53162422,2.414216266,0.266778626,38.64990349,0.25128118,0.2,0.8,0.3,3553000,214272.4877
3348,111.690193,2.238543114,0.155827634,34.30474884,0.28364226,0.2,0.8,0.3,2448000,166645.5005
1624,46.5343818,2.477327864,0.215043285,98.70203698,0.19385771,0.2,0.8,0.6,724000,67369.43155
3501,74.48920522,2.204636455,0.320887015,72.3835584,0.35,0.2,0.8,0.6,2601000,436968
2530,64.90278739,2.60457438,0.257448529,77.13989884,0.151437075,0.2,0.8,0.6,1630000,118484.3673
1619,89.4237268,2.481122364,0.201686801,70.84638835,0.185282218,0.2,0.8,0.3,719000,31972.29961
2125,97.43962613,2.310666989,0.060084254,24.76133494,0.199708633,0.2,0.8,0.3,1225000,58714.33802
1521,41.12711552,2.466773978,0.16011206,57.82677598,0.171669041,0.2,0.8,0.6,621000,51171.10765
1024,98.21504005,2.579276112,0.079566596,53.47976773,0.075145242,0.331136851,0.668863149,0.3,124000,1869.742051
4162,79.41545527,2.364767735,0.218107379,49.13029938,0.251669822,0.2,0.8,0.6,3262000,394054.5402
4917,90.12770289,2.404452781,0.12604592,80.75569306,0.18579657,0.2,0.8,0.3,4017000,179122.7571
3931,74.84102558,2.492757896,0.329560493,90.42379038,0.243401298,0.2,0.8,0.6,3031000,354119.6807
4631,113.5442998,2.570629628,0.117235873,67.3845273,0.098303123,0.2,0.8,0.3,3731000,88024.54816
3076,65.58590349,2.479289555,0.273775806,61.03481433,0.222243126,0.2,0.8,0.6,2176000,232128.4998
4022,116.9591466,2.646988075,0.161763907,44.01203632,0.082387916,0.33473529,0.66526471,0.3,3122000,51334.83349
3121,89.54751875,2.529641305,0.178489702,97.92815029,0.149424199,0.2,0.8,0.3,2221000,79649.07478
1127,85.76474899,2.581272962,0.244747398,92.30215767,0.156737218,0.2,0.8,0.3,227000,8539.043631
3734,73.45564799,2.389581595,0.216079779,94.49026216,0.238249092,0.2,0.8,0.6,2834000,324095.0045
3871,84.20603555,2.280605854,0.347152195,25.99848007,0.35,0.2,0.8,0.3,2971000,249564
4375,85.50933466,2.250764866,0.346008588,7.085992364,0.35,0.2,0.8,0.3,3475000,291900
3332,101.9253425,2.355725077,0.229906328,61.67499489,0.262090626,0.2,0.8,0.3,2432000,152977.0564
2019,101.2823058,2.517260916,0.079067411,48.91639579,0.105903248,0.2,0.8,0.3,1119000,28441.37618
4925,85.76962502,2.579742981,0.236896111,31.58386397,0.153576565,0.2,0.8,0.3,4025000,148354.9616
4220,98.79829737,2.257932434,0.118900733,36.77879103,0.25548415,0.2,0.8,0.3,3320000,203569.7705
4271,117.7670764,2.515962915,0.218022166,21.15119953,0.176029625,0.2,0.8,0.3,3371000,142415.008
1966,50.41894759,2.392446866,0.18704018,72.82959352,0.222296657,0.2,0.8,0.6,1066000,113744.7535
4440,119.8904624,2.377768918,0.213166857,47.20854064,0.242698969,0.2,0.8,0.3,3540000,206197.0445
4647,84.86671925,2.647679377,0.14165505,19.92393639,0.071987836,0.9,0.1,0.3,3747000,8092.152649
3544,60.90333918,2.378182155,0.227452652,24.26726431,0.249635249,0.2,0.8,0.6,2644000,316817.0867
1581,101.3893112,2.384899596,0.318202845,41.86832894,0.291651624,0.2,0.8,0.3,681000,47667.54145
3558,102.4197802,2.607465017,0.152682086,50.44323569,0.097608535,0.208075754,0.791924246,0.3,2658000,61637.87595
1189,73.03139015,2.577311246,0.081968684,32.45197784,0.077328719,0.515320238,0.484679762,0.6,289000,6498.973924
3020,114.9268605,2.483354551,0.227047863,61.45554083,0.196846656,0.2,0.8,0.3,2120000,100155.5785
2590,99.66567329,2.578113575,0.200407038,87.57998629,0.136146731,0.2,0.8,0.3,1690000,55221.11422
3568,80.11215758,2.567030832,0.330424827,81.62514906,0.206696998,0.2,0.8,0.3,2668000,132352.2214
4610,80.44143689,2.641906551,0.091741344,91.09704409,0.05,0.439092184,0.560907816,0.3,3710000,31214.51999
3627,87.02181969,2.623200088,0.12077504,36.86534922,0.073787476,0.498214475,0.501785525,0.3,2727000,30290.55108
1533,115.8085248,2.543167199,0.202628083,10.22390848,0.154730442,0.408537111,0.591462889,0.3,633000,17379.13802
4367,100.2701587,2.425560053,0.102570155,38.37727887,0.163505051,0.2,0.8,0.3,3467000,136049.2831
1785,108.5300497,2.47988974,0.341980339,72.028618,0.2560453,0.2,0.8,0.3,885000,54384.02165
4170,59.86281224,2.329655288,0.060804605,67.76678102,0.190574658,0.2,0.8,0.6,3270000,299125.9838
3501,105.1032864,2.399397196,0.148432682,9.416605726,0.199517743,0.266773427,0.733226573,0.3,2601000,114151.4221
3758,48.25122934,2.5563956,0.141645879,48.07276056,0.11762514,0.2,0.8,0.6,2858000,161362.8714
1475,88.65516962,2.647602192,0.211723822,42.79520231,0.107060815,0.203865542,0.796134458,0.3,575000,14703.00369
3851,44.80578138,2.457490758,0.296551657,69.21505826,0.244530449,0.2,0.8,0.6,2951000,346372.4908
1998,88.20666034,2.215575039,0.340031944,14.85261919,0.35,0.2,0.8,0.3,1098000,92232
3110,65.2936027,2.639615216,0.305181941,57.74123171,0.157783362,0.2,0.8,0.6,2210000,167376.5908
4716,76.67085533,2.537581169,0.292895159,28.78973147,0.202656995,0.2,0.8,0.6,3816000,371202.7644
2117,81.71730902,2.300567023,0.240517272,91.75289878,0.294975125,0.2,0.8,0.3,1217000,86156.3344
1655,56.60075877,2.240372392,0.170505065,77.51738793,0.290066337,0.2,0.8,0.6,755000,105120.0404
2457,112.1594966,2.328014875,0.173495985,75.29480219,0.247740555,0.2,0.8,0.3,1557000,92575.69067
2992,88.30824719,2.368529498,0.076010892,71.50633729,0.178740697,0.2,0.8,0.3,2092000,89742.12911
1801,87.32482334,2.588122683,0.236304562,40.55844667,0.149090939,0.2,0.8,0.3,901000,32239.42475
3655,62.311532,2.543696102,0.166001996,61.57270819,0.136152947,0.2,0.8,0.6,2755000,180048.6567
4363,74.50667443,2.393415293,0.228412927,91.25611423,0.242498817,0.2,0.8,0.6,3463000,403091.2334
3309,48.18820857,2.590025898,0.338511502,13.73153789,0.199242802,0.2,0.8,0.6,2409000,230388.4369
1547,45.17523685,2.566329759,0.097719065,25.31813999,0.090694653,0.480180847,0.519819153,0.6,647000,18301.6183
4650,75.36015953,2.543889605,0.064280069,28.859419,0.085195232,0.477399365,0.522600635,0.6,3750000,100176.9352
4761,93.77893381,2.356771864,0.214025785,27.86575147,0.25362696,0.2,0.8,0.3,3861000,235020.8866
1190,93.14579666,2.28664783,0.233736628,91.9008198,0.298544399,0.2,0.8,0.3,290000,20778.69017
4972,88.4096589,2.335738457,0.231413553,77.22841028,0.272837548,0.2,0.8,0.3,4072000,266638.6792
2533,76.43435456,2.26027093,0.155317697,51.42878039,0.272523383,0.2,0.8,0.6,1633000,213614.7287
2651,70.8669407,2.312126715,0.054768365,58.49483861,0.196320825,0.2,0.8,0.6,1751000,165003.7272
1240,106.3805304,2.519123054,0.176955875,82.60717083,0.153916411,0.2,0.8,0.3,340000,12559.5791
4686,52.8773204,2.35429792,0.256132202,46.51985835,0.275917141,0.2,0.8,0.6,3786000,501418.7021
1916,45.67481938,2.50306172,0.099129322,91.34342374,0.123033801,0.2,0.8,0.6,1016000,60001.12402
2992,65.47300993,2.579022235,0.299228703,68.09604606,0.185103234,0.2,0.8,0.6,2092000,185873.2633
2429,41.53413405,2.219767158,0.138314205,54.82892127,0.284273524,0.2,0.8,0.6,1529000,208634.0245
2699,118.383863,2.495432806,0.30725687,79.7216788,0.230912032,0.2,0.8,0.3,1799000,99698.57889
1843,70.50983434,2.525015952,0.087673205,21.83074104,0.106328626,0.405164247,0.594835753,0.6,943000,35785.75717
2542,90.2362454,2.557073903,0.309285427,42.99121392,0.201105762,0.2,0.8,0.3,1642000,79251.75882
1700,96.82285079,2.628695134,0.202537934,10.96373027,0.1119214,0.728140839,0.271859161,0.3,800000,7302.445884
3405,65.72727991,2.437108059,0.155361907,45.63251109,0.184126924,0.2,0.8,0.6,2505000,221394.2138
4117,83.17328179,2.540651735,0.126964532,95.12069008,0.118156398,0.2,0.8,0.3,3217000,91226.19199
1028,97.60289658,2.266343182,0.193854218,3.407396118,0.288755518,0.351979031,0.648020969,0.3,128000,7185.393812
1794,81.3794815,2.404164009,0.056725598,18.63385569,0.151280795,0.234492888,0.765507112,0.3,894000,31059.30984
1306,79.60072451,2.582025435,0.23760204,13.23658074,0.152788303,0.323626424,0.676373576,0.6,406000,25174.10405
3946,114.68875,2.520637871,0.087365665,2.180092392,0.108363897,0.9,0.1,0.3,3046000,9902.292947
4815,80.00143552,2.376459216,0.088217045,15.92619117,0.180878914,0.2,0.8,0.3,3915000,169953.8277
1708,88.1468067,2.234090518,0.323357478,16.65509275,0.35,0.2,0.8,0.3,808000,67872
4878,114.0268038,2.271951288,0.287071892,66.93343333,0.332560302,0.2,0.8,0.3,3978000,317501.9712
4310,56.71859442,2.525169369,0.109433578,67.72108242,0.117132105,0.2,0.8,0.6,3410000,191721.8292
2866,104.4905298,2.257249788,0.054275187,27.47120108,0.223512699,0.2,0.8,0.3,1966000,105462.2321
2000,64.05904103,2.375231613,0.299780632,71.14369894,0.28727451,0.2,0.8,0.6,1100000,151680.941
2527,42.09950992,2.636163868,0.297467509,52.52796049,0.155651821,0.2,0.8,0.6,1627000,121557.8459
2758,59.12633034,2.633610762,0.345268545,63.9247799,0.180828891,0.2,0.8,0.6,1858000,161270.4385
1577,43.2644782,2.640129977,0.288866931,53.23650416,0.149368477,0.2,0.8,0.6,677000,48538.7803
1091,61.10510571,2.303506002,0.057645898,56.71763427,0.202069948,0.2,0.8,0.6,191000,18525.77285
3908,47.34702998,2.25488814,0.333695543,62.87841526,0.35,0.2,0.8,0.6,3008000,505344
3642,97.50321538,2.395477352,0.34003924,27.85309383,0.297280944,0.2,0.8,0.3,2742000,195634.6436
3477,54.89131412,2.510544144,0.316481274,33.70140599,0.227968565,0.2,0.8,0.6,2577000,281987.9964
1650,89.07967495,2.640530349,0.090025915,59.12811598,0.05,0.676497117,0.323502883,0.3,750000,3639.407433
3255,98.72048574,2.354528924,0.209769276,63.29890282,0.252620176,0.2,0.8,0.3,2355000,142780.9235
3420,42.87663374,2.526741653,0.220082141,46.8844441,0.171670244,0.2,0.8,0.6,2520000,207652.3274
4114,116.6057557,2.364868109,0.225185977,82.58715853,0.255158934,0.2,0.8,0.3,3214000,196819.3954
3145,103.1533465,2.593863349,0.322695941,19.35247466,0.189416296,0.2,0.8,0.3,2245000,102057.5002
2694,116.7921676,2.318023868,0.194127119,79.9006356,0.263051625,0.2,0.8,0.3,1794000,113259.5078
3052,68.57485972,2.239306357,0.084845421,59.6996556,0.247769532,0.2,0.8,0.6,2152000,255936.016
4412,80.29983295,2.416401029,0.062580261,27.86254723,0.148089616,0.2,0.8,0.3,3512000,124821.7755
3538,44.81891093,2.521753972,0.209123879,91.82463958,0.168684954,0.2,0.8,0.6,2638000,213595.6358
3449,51.86949897,2.585698314,0.084699137,27.98441836,0.074500411,0.643822831,0.356177169,0.6,2549000,40583.15764
1042,100.520097,2.284664886,0.132442655,77.5285248,0.248888885,0.2,0.8,0.3,142000,8482.133186
3627,92.70431104,2.414743215,0.100605141,17.43232907,0.167930963,0.203415025,0.796584975,0.3,2727000,109438.2857
4471,67.48662738,2.465597234,0.342298262,51.01171068,0.263350514,0.2,0.8,0.6,3571000,451403.849
3799,45.04571937,2.434157178,0.28295427,66.01894678,0.249398546,0.2,0.8,0.6,2899000,347043.0643
3059,105.1998282,2.327185622,0.104056593,45.5128909,0.213435485,0.2,0.8,0.3,2159000,110593.731
3376,70.54055867,2.504251067,0.093950189,87.95905652,0.119849561,0.2,0.8,0.6,2476000,142438.8061
1597,107.06816,2.230226698,0.312854107,17.19959259,0.35,0.2,0.8,0.3,697000,58548
4903,91.5329748,2.351548037,0.254091263,30.34378747,0.276271613,0.2,0.8,0.3,4003000,265419.6642
1724,83.767764,2.425313438,0.296978808,28.01690554,0.260832685,0.2,0.8,0.3,824000,51582.27181
2993,110.1984702,2.409646799,0.327388862,4.282581794,0.283871031,0.289769174,0.710230826,0.3,2093000,126593.4037
3477,77.0165279,2.470897173,0.077669715,21.93591755,0.128386271,0.276571244,0.723428756,0.6,2577000,143608.459
3560,101.5811213,2.224545148,0.109307644,4.802348803,0.267381248,0.291262389,0.708737611,0.3,2660000,151223.5114
2532,95.62599403,2.294578855,0.165104231,85.96261403,0.260262688,0.2,0.8,0.3,1632000,101939.6897
4624,65.3335179,2.41325297,0.191558899,22.51346352,0.214152964,0.2,0.8,0.6,3724000,382802.7069
2690,99.1908677,2.477040065,0.128114469,51.65100268,0.150537202,0.2,0.8,0.3,1790000,64670.78216
4766,116.0580357,2.546401944,0.312814459,31.93203781,0.208206257,0.2,0.8,0.3,3866000,193182.0937
2640,69.39550262,2.236432119,0.083357095,42.93216201,0.248462488,0.2,0.8,0.6,1740000,207515.8701
2208,74.34633202,2.61672881,0.183447845,70.21109963,0.108359517,0.2,0.8,0.6,1308000,68032.4394
3552,51.8191122,2.271874681,0.189391024,33.80192925,0.283758172,0.2,0.8,0.6,2652000,361212.8022
4930,76.02348071,2.360298256,0.183566867,78.96207861,0.236634306,0.2,0.8,0.6,4030000,457745.4007
4507,43.47277334,2.366483154,0.212400464,73.78465245,0.247958655,0.2,0.8,0.6,3607000,429305.6973
2662,75.39828141,2.45918482,0.060664148,90.89632869,0.125739664,0.2,0.8,0.6,1762000,106345.578
1727,57.04885427,2.324612484,0.06181063,41.76544305,0.193599073,0.2,0.8,0.6,827000,76851.08787
4925,50.31366487,2.643396999,0.084181645,35.28399638,0.05,0.9,0.1,0.6,4025000,12075
2818,64.94993813,2.432812525,0.182171157,17.3621393,0.199679316,0.2,0.8,0.6,1918000,183832.7657
2494,46.59918515,2.54824137,0.101985998,42.68351939,0.101872314,0.225749832,0.774250168,0.6,1594000,75435.72138
3533,82.67288752,2.632064411,0.080633613,56.61736204,0.05,0.706497063,0.293502937,0.3,2633000,11591.89849
4948,70.20232859,2.287141659,0.208605888,8.67984828,0.285732115,0.2,0.8,0.6,4048000,555188.9279
1510,50.95661702,2.437748396,0.241155433,52.66458652,0.226703518,0.2,0.8,0.6,610000,66378.79021
1751,109.5298489,2.219634633,0.191712393,19.06205128,0.31103888,0.2,0.8,0.3,851000,63526.5809
2511,49.20366904,2.397604773,0.272667739,81.57384365,0.262531483,0.2,0.8,0.6,1611000,203010.3452
1149,55.47120333,2.296813256,0.323132995,98.77585454,0.33815987,0.2,0.8,0.6,249000,40416.86763
4755,95.85980313,2.275054049,0.097261914,75.28192605,0.236103933,0.2,0.8,0.3,3855000,218443.3586
1734,91.73624161,2.348149125,0.334108047,21.87126249,0.317979461,0.2,0.8,0.3,834000,63646.76894
4293,51.7624419,2.335535804,0.11143587,65.7373619,0.212950033,0.2,0.8,0.6,3393000,346818.9423
3764,41.8479176,2.618503263,0.053962873,35.75116924,0.05,0.9,0.1,0.6,2864000,8592
2501,103.4052457,2.502075194,0.139269869,31.39201355,0.143597338,0.2,0.8,0.3,1601000,55175.84097
1474,50.5935446,2.308014574,0.297586862,71.68206044,0.319786144,0.2,0.8,0.6,574000,88107.47835
1778,66.76135959,2.499513911,0.27253267,58.78214303,0.211509379,0.2,0.8,0.6,878000,89138.51287
3516,73.00769758,2.524227121,0.123490278,68.2771021,0.124631578,0.2,0.8,0.6,2616000,156497.3804
2239,82.42045807,2.3516855,0.280099719,17.04136355,0.289207109,0.2,0.8,0.3,1339000,92939.59661
3308,48.60608123,2.575202731,0.135192816,9.642136651,0.104995042,0.9,0.1,0.6,2408000,15169.68373
2608,78.07916186,2.464121793,0.262881729,65.65960116,0.224379968,0.2,0.8,0.6,1708000,183955.673
1121,72.11394974,2.465677343,0.294183631,58.536661,0.239253144,0.2,0.8,0.6,221000,25379.9735
2589,70.44781021,2.584029047,0.091186921,40.89756502,0.078578937,0.395995501,0.604004499,0.6,1689000,48098.02264
4209,42.12693953,2.222196141,0.30871245,74.13704155,0.35,0.2,0.8,0.6,3309000,555912
2872,107.0595711,2.526310384,0.053108322,36.86507762,0.088398969,0.347128643,0.652871357,0.3,1972000,34143.10234
2583,80.4921101,2.477080061,0.241051309,16.42152278,0.206985624,0.2,0.8,0.3,1683000,83605.63329
2647,64.82522348,2.540465584,0.076153334,50.54298366,0.092843875,0.229526379,0.770473621,0.6,1747000,74981.68379
2309,48.20402441,2.391936325,0.077238297,37.42938092,0.167650986,0.2,0.8,0.6,1409000,113385.7148
3845,90.63792797,2.454219614,0.270729734,61.20919317,0.23325506,0.2,0.8,0.3,2945000,164864.6765
4672,99.77997215,2.631006544,0.165318199,64.06468848,0.092155827,0.2,0.8,0.3,3772000,83426.82744
2321,70.94458926,2.556666066,0.13407424,94.91169811,0.113704087,0.2,0.8,0.6,1421000,77555.28348
4918,84.43436452,2.40288394,0.154855198,90.52561073,0.200985629,0.2,0.8,0.3,4018000,193814.462
3375,94.85921655,2.394771373,0.270890127,72.90473995,0.263059377,0.2,0.8,0.3,2475000,156257.2699
4418,82.85344681,2.290967161,0.1090173,21.34785557,0.234025069,0.2,0.8,0.3,3518000,197592.0466
2672,101.0868631,2.250704355,0.14604887,18.4067897,0.272672257,0.2,0.8,0.3,1772000,115962.0575
4731,94.41728802,2.462040323,0.120799018,44.26885757,0.154379348,0.2,0.8,0.3,3831000,141942.5473
4759,91.81727909,2.505314254,0.330765747,50.45300022,0.237725746,0.2,0.8,0.3,3859000,220172.0773
4267,88.70360135,2.437836929,0.349637691,6.329165094,0.280900381,0.200239116,0.799760884,0.3,3367000,226922.1337
4693,80.02852721,2.485827305,0.081573103,24.84006062,0.122872899,0.26664604,0.73335396,0.3,3793000,102535.4033
3830,106.8268131,2.322867525,0.225843077,52.49358012,0.276487776,0.2,0.8,0.3,2930000,194426.204
4039,67.50838193,2.597537854,0.213997765,84.54615066,0.133229956,0.2,0.8,0.6,3139000,200740.239
1409,82.52625507,2.422628384,0.198257784,65.46399708,0.2128147,0.2,0.8,0.3,509000,25997.44375
2291,106.4983409,2.43843019,0.290611771,18.38447744,0.251090791,0.2,0.8,0.3,1391000,83824.14951
3236,69.57673457,2.401473238,0.167039629,14.10076661,0.207783196,0.2,0.8,0.6,2336000,232983.1417
3362,111.2715595,2.568571479,0.088377178,65.66822397,0.08490285,0.211251691,0.788748309,0.3,2462000,49461.81087
2384,58.36621865,2.649080548,0.265422548,98.76390035,0.133171,0.2,0.8,0.6,1484000,94860.36658
4186,103.0104587,2.530718854,0.254972345,94.58216631,0.187126746,0.2,0.8,0.3,3286000,147575.6367
3214,46.96024358,2.429765929,0.138085945,46.7087272,0.179160008,0.2,0.8,0.6,2314000,198996.604
1446,60.48628667,2.529034968,0.050070117,16.99440529,0.085517574,0.804606027,0.195393973,0.6,546000,5474.071047
4060,56.61961463,2.556390385,0.078792006,23.02530274,0.086200811,0.58448309,0.41551691,0.6,3160000,67910.72804
4472,81.68184689,2.506877565,0.234677994,79.05683208,0.188900215,0.2,0.8,0.3,3572000,161940.3759
3638,93.80084018,2.285125738,0.094521963,16.46410304,0.229698112,0.2,0.8,0.3,2738000,150939.2237
2797,52.00666898,2.40273103,0.21434702,48.83400692,0.230807995,0.2,0.8,0.6,1897000,210164.5279
1575,67.48669885,2.250118019,0.183584123,33.04967199,0.291733052,0.2,0.8,0.6,675000,94521.50887
2120,48.25808479,2.271726121,0.115875515,30.6877014,0.247074697,0.2,0.8,0.6,1220000,144686.9428
4052,91.43009843,2.363461828,0.140707265,96.07133394,0.213622719,0.2,0.8,0.3,3152000,161601.3142
2931,111.6516352,2.304702853,0.324885803,60.39495284,0.335091475,0.2,0.8,0.3,2031000,163336.9886
2744,70.98438786,2.644914181,0.10199959,96.90409745,0.053542704,0.359962494,0.640037506,0.6,1844000,37915.59668
3208,70.93844948,2.451645329,0.092167808,75.27264421,0.14526124,0.2,0.8,0.6,2308000,160926.2119
1634,51.00986705,2.322178297,0.336002817,90.37488643,0.33191226,0.2,0.8,0.6,734000,116939.3274
4535,67.28837849,2.544339529,0.228300265,3.204404406,0.166980368,0.9,0.1,0.6,3635000,36418.4183
4750,119.348195,2.615138562,0.228103769,58.64295628,0.131482604,0.2,0.8,0.3,3850000,121489.9258
4448,51.88397154,2.323604674,0.217125272,22.07773387,0.271760299,0.2,0.8,0.6,3548000,462818.6598
2677,100.8429369,2.535572122,0.112547117,47.72840826,0.113487497,0.2,0.8,0.3,1777000,48400.14789
1467,101.2329541,2.315962038,0.214390152,46.78048922,0.274214057,0.2,0.8,0.3,567000,37315.04888
3597,97.59311573,2.624148613,0.102352187,38.85673083,0.064101787,0.626315943,0.373684057,0.3,2697000,19381.03241
3805,62.03465787,2.443106448,0.20331564,62.43615437,0.205104596,0.2,0.8,0.6,2905000,285997.849
2466,69.6973352,2.344279712,0.066198436,80.36821686,0.185959362,0.2,0.8,0.6,1566000,139781.9332
2386,62.35577568,2.346857306,0.116703229,69.76273204,0.209922962,0.2,0.8,0.6,1486000,149733.8501
4217,115.0286053,2.372267227,0.208484167,18.26981903,0.24310847,0.2,0.8,0.3,3317000,193533.7907
2845,90.05871383,2.358293644,0.341815461,48.73321096,0.316760909,0.2,0.8,0.3,1945000,147863.9922
4754,62.77971973,2.507107396,0.106210939,92.4360329,0.124551771,0.2,0.8,0.6,3854000,230410.8129
3818,60.26182436,2.342438801,0.244007072,30.97117015,0.275784135,0.2,0.8,0.6,2918000,386274.2915
4751,93.50291449,2.399749196,0.156122046,13.7507595,0.203186425,0.2,0.8,0.3,3851000,187793.0215
3238,81.3393496,2.648194852,0.077248236,97.18870932,0.05,0.411570441,0.588429559,0.3,2338000,20636.22462
4334,100.7147604,2.562183021,0.270373824,50.48902101,0.179095402,0.2,0.8,0.3,3434000,147603.2662
4108,116.2023788,2.384693996,0.326012045,52.35151475,0.295659024,0.2,0.8,0.3,3208000,227633.7961
3711,116.0486094,2.617390588,0.217146673,86.2970956,0.124878043,0.2,0.8,0.3,2811000,84247.72275
1352,102.6610215,2.461331892,0.069321898,29.63624402,0.128995003,0.202782775,0.797217225,0.3,452000,13944.70242
1329,62.39718965,2.267410844,0.205427353,20.7054329,0.294008254,0.2,0.8,0.6,429000,60542.17977
2894,40.32503296,2.448502868,0.305228955,22.89740172,0.253363044,0.2,0.8,0.6,1994000,242498.8365
4265,107.3508002,2.215711869,0.125401604,78.91276956,0.279844868,0.2,0.8,0.3,3365000,226002.715
3007,45.42473315,2.533899764,0.262970413,85.80528995,0.189535324,0.2,0.8,0.6,2107000,191688.4457
1551,52.87807928,2.295664769,0.270946133,48.22953807,0.312640682,0.2,0.8,0.6,651000,97693.96029
3339,99.20142949,2.372081222,0.123682612,30.96001407,0.200800695,0.2,0.8,0.3,2439000,117540.6948
1883,50.45933313,2.388478453,0.196961705,54.42564966,0.229241626,0.2,0.8,0.6,983000,108165.3687
4378,99.65279377,2.604566387,0.169155473,92.76323954,0.107294543,0.2,0.8,0.3,3478000,89560.90088
2261,111.0774077,2.26106835,0.303092368,22.54120447,0.346012009,0.2,0.8,0.3,1361000,113021.3626
2848,66.65881083,2.603473511,0.248810199,93.85685965,0.147668344,0.2,0.8,0.6,1948000,138075.8085
3929,62.75981602,2.265818714,0.100040674,90.08992546,0.24211098,0.2,0.8,0.6,3029000,352009.9959
4240,107.3350417,2.545206435,0.214624421,65.95074827,0.159708993,0.2,0.8,0.3,3340000,128022.7287
2872,110.9733921,2.533319616,0.243878164,85.61995162,0.180279274,0.2,0.8,0.3,1972000,85322.57495
4269,78.6682534,2.252358438,0.342829155,96.88262531,0.35,0.2,0.8,0.6,3369000,565992
4943,116.0541295,2.558241363,0.156664343,51.71245786,0.12421149,0.2,0.8,0.3,4043000,120524.8927
1021,105.540799,2.441900373,0.303769818,74.25917054,0.255934723,0.2,0.8,0.3,121000,7432.344351
1573,56.66044138,2.560459356,0.075298993,71.85409837,0.082419818,0.204873199,0.795126801,0.6,673000,26462.7126
3434,57.77211111,2.310618238,0.314055289,65.91899091,0.326718526,0.2,0.8,0.6,2534000,397394.2771
4499,118.131122,2.591061778,0.138450893,27.04603932,0.098694557,0.379585765,0.620414235,0.3,3599000,66111.6596
4901,87.83895517,2.498401939,0.159231078,75.19089646,0.155414569,0.2,0.8,0.3,4001000,149235.2862
1886,95.51202017,2.301252748,0.065128307,90.58384432,0.20693778,0.2,0.8,0.3,986000,48969.75617
1162,54.85013454,2.342845843,0.168196366,32.27017325,0.237675261,0.2,0.8,0.6,262000,29890.04086
4719,59.71800351,2.399021815,0.152473526,89.3654183,0.201725855,0.2,0.8,0.6,3819000,369787.7002
2042,85.96393162,2.641635096,0.139837587,74.420402,0.074101245,0.244712962,0.755287038,0.3,1142000,19174.53752
2569,117.9979523,2.46938607,0.066098009,25.95103087,0.123355969,0.253235767,0.746764233,0.3,1669000,46123.39531
4079,61.10700437,2.646345253,0.062467429,23.53514969,0.05,0.9,0.1,0.6,3179000,9537
4278,114.4000043,2.472824736,0.076271632,80.1858591,0.126723448,0.2,0.8,0.3,3378000,102737.2337
1329,91.42505037,2.470159918,0.18459024,16.49394213,0.182215161,0.2,0.8,0.3,429000,18760.87296
2955,107.1985994,2.644994842,0.092841171,64.37174667,0.05,0.621390627,0.378609373,0.3,2055000,11670.63393
4084,87.67115829,2.436197054,0.148850401,33.75032963,0.181326673,0.2,0.8,0.3,3184000,138562.5907
4055,42.37950993,2.315502495,0.296927821,46.53965619,0.315712663,0.2,0.8,0.6,3155000,478115.2569
2041,82.51351446,2.406966374,0.223348915,96.06069266,0.233191271,0.2,0.8,0.3,1141000,63857.09753
1451,62.4219069,2.424884849,0.108408219,90.09269082,0.166761685,0.2,0.8,0.6,551000,44105.13041
1524,78.14445905,2.624210718,0.265640426,98.18416989,0.145714854,0.2,0.8,0.6,624000,43644.51303
4635,60.17240866,2.545216342,0.136550778,56.33793911,0.120667218,0.2,0.8,0.6,3735000,216332.1887
1564,46.39141577,2.550526247,0.154498872,34.40104138,0.126986313,0.2,0.8,0.6,664000,40473.07758
2967,118.2702156,2.313820952,0.267259161,29.73186337,0.301719104,0.2,0.8,0.3,2067000,149676.8134
3860,73.32451488,2.445166495,0.313511667,77.28550088,0.259172586,0.2,0.8,0.6,2960000,368232.4098
4253,85.58195977,2.638625135,0.201901446,12.04783906,0.106638155,0.72990375,0.27009625,0.3,3353000,28972.50104
2042,91.01612516,2.324550704,0.14213071,27.0292211,0.233790003,0.2,0.8,0.3,1142000,64077.164
1751,83.12217215,2.388906265,0.273022575,39.19562832,0.267058155,0.2,0.8,0.3,851000,54543.95755
1270,60.45049667,2.580096686,0.318927891,24.20150615,0.194415602,0.2,0.8,0.6,370000,34528.21098
1797,92.4172116,2.304966579,0.110232007,18.29303798,0.227632714,0.2,0.8,0.3,897000,49004.77075
4223,41.24694013,2.45349453,0.27174484,61.25785367,0.234125155,0.2,0.8,0.6,3323000,373438.987
2249,119.7033518,2.546329541,0.221072011,7.354342474,0.162371235,0.515748486,0.484251514,0.3,1349000,31820.96059
1282,48.89239862,2.498975736,0.167790812,83.27213948,0.159407538,0.2,0.8,0.6,382000,29228.96612
3086,40.15318248,2.242359824,0.282686764,70.6001411,0.34516347,0.2,0.8,0.6,2186000,362173.1256
4320,46.75391164,2.213609578,0.202316338,32.4362503,0.31935338,0.2,0.8,0.6,3420000,524250.5082
2101,64.57421619,2.422589311,0.237880307,75.0497811,0.232645498,0.2,0.8,0.6,1201000,134115.4765
4528,119.5346735,2.43219832,0.079833066,36.10465905,0.148817373,0.2,0.8,0.3,3628000,129578.2632
2058,111.5978737,2.438017627,0.073909474,46.71945993,0.142945923,0.2,0.8,0.3,1158000,39727.53106
4360,58.10418187,2.641628836,0.158392263,27.92864404,0.083381713,0.515001529,0.484998471,0.6,3460000,83953.44723
2588,42.02342637,2.351720617,0.194723599,83.35914032,0.246501491,0.2,0.8,0.6,1688000,199725.3681
4577,74.63814107,2.512208888,0.110151185,79.14998245,0.123971149,0.2,0.8,0.6,3677000,218804.1185
2083,101.0513205,2.263913609,0.186390507,17.86873426,0.286238449,0.2,0.8,0.3,1183000,81268.82038
3778,52.39378438,2.619413728,0.279099856,59.18661686,0.154843064,0.2,0.8,0.6,2878000,213906.4022
4881,68.94049814,2.300367837,0.150124668,35.44681033,0.249878415,0.2,0.8,0.6,3981000,477487.666
4932,46.66279995,2.402234094,0.243954981,62.68048678,0.245860443,0.2,0.8,0.6,4032000,475828.4672
2801,102.1597684,2.561280071,0.320718559,26.50185445,0.204719244,0.2,0.8,0.3,1901000,93401.10794
2931,58.22682979,2.250542596,0.263505147,22.2094056,0.331481276,0.2,0.8,0.6,2031000,323154.4662
1845,60.19235678,2.555292678,0.297352326,25.88496581,0.196029824,0.2,0.8,0.6,945000,88919.12821
1073,84.47091801,2.560136341,0.273297279,25.14307124,0.181580469,0.2,0.8,0.3,173000,7539.221081
2850,59.30406083,2.525298386,0.149540847,88.65547722,0.137121231,0.2,0.8,0.6,1950000,128345.4718
4932,46.79859468,2.529466787,0.339687365,69.23481487,0.230110289,0.2,0.8,0.6,4032000,445346.2489
1805,85.96591914,2.333778263,0.275157649,32.98118765,0.295689693,0.2,0.8,0.3,905000,64223.80133
1074,81.47423488,2.521067896,0.217677814,58.58567924,0.173304959,0.2,0.8,0.3,174000,7237.215106
2252,77.83026431,2.595660216,0.237155861,69.48498803,0.145747822,0.2,0.8,0.6,1352000,94584.5068
1232,82.26039724,2.519812154,0.061039739,41.43208237,0.095613793,0.264011075,0.735988925,0.3,332000,7008.920991
1792,55.74161992,2.450204318,0.301179415,85.79545059,0.250487548,0.2,0.8,0.6,892000,107248.7487
2686,93.67595865,2.303551851,0.067023262,43.48964272,0.206735706,0.2,0.8,0.3,1786000,88615.19287
4364,78.98917436,2.448493589,0.09903739,19.05050543,0.1502719,0.232454491,0.767545509,0.6,3464000,239723.7412
2866,97.494571,2.427842143,0.144841394,93.26117733,0.183499626,0.2,0.8,0.3,1966000,86582.46338
3637,107.4381811,2.207426793,0.189235789,27.71626845,0.315904498,0.2,0.8,0.3,2737000,207511.3469
1537,62.30647844,2.51424828,0.135575556,23.83902656,0.135663638,0.227921117,0.772078883,0.6,637000,40032.78603
1258,84.44120106,2.574904218,0.24357499,81.96983361,0.159335386,0.2,0.8,0.3,358000,13690.09637
2314,55.8965738,2.225440655,0.113700528,42.63701884,0.269129936,0.2,0.8,0.6,1414000,182663.8705
2300,69.30631666,2.298921903,0.257920052,26.36072919,0.304499075,0.2,0.8,0.6,1400000,204623.3782
2203,106.114887,2.209339404,0.259806361,95.90073483,0.35,0.2,0.8,0.3,1303000,109452
3622,74.14670155,2.614382886,0.319145847,52.18754613,0.17738148,0.2,0.8,0.6,2722000,231759.547
3311,98.00339387,2.468884742,0.251955232,41.14107847,0.216535245,0.2,0.8,0.3,2411000,125295.9543
1565,77.24766678,2.502923835,0.083309956,91.58241918,0.115193061,0.2,0.8,0.6,665000,36769.62493
1159,46.82525608,2.37065466,0.162996418,7.075850725,0.221170879,0.288911912,0.711088088,0.6,259000,24440.06535
4972,119.6081864,2.495871488,0.174843928,46.05952739,0.16448622,0.2,0.8,0.3,4072000,160749.093
3957,62.67545319,2.348041867,0.241175864,87.61077804,0.271566999,0.2,0.8,0.6,3057000,398486.551
1284,49.23239453,2.420308742,0.145238122,39.51414808,0.18746469,0.2,0.8,0.6,384000,34553.4916
1083,110.9402905,2.327066893,0.136997793,84.52401085,0.22996545,0.2,0.8,0.3,183000,10100.08257
4270,94.18401044,2.50167002,0.24266841,77.01372862,0.195499195,0.2,0.8,0.3,3370000,158119.7488
4263,55.01745075,2.278105905,0.097632379,26.79912147,0.234763237,0.2,0.8,0.6,3363000,378964.2077
1782,50.41994799,2.330720012,0.086230526,69.14971591,0.202755257,0.2,0.8,0.6,882000,85838.46544
2636,66.24401215,2.434830613,0.261067912,84.90217975,0.238118649,0.2,0.8,0.6,1736000,198419.5081
2375,62.12354887,2.250194496,0.121232435,18.65074687,0.26051897,0.2,0.8,0.6,1475000,184447.4307
2401,104.0970948,2.345505564,0.327376034,95.98351737,0.315935235,0.2,0.8,0.3,1501000,113812.5089
3959,98.8773976,2.444956127,0.18370288,46.91308904,0.194373376,0.2,0.8,0.3,3059000,142701.158
3783,74.76074158,2.606042876,0.215243479,55.29910393,0.129600302,0.2,0.8,0.6,2883000,179346.0813
2730,114.795365,2.627649683,0.11580662,58.49818037,0.069078468,0.358238488,0.641761512,0.3,1830000,24338.21439
1806,59.72382866,2.388418736,0.158275331,21.04608888,0.209928298,0.2,0.8,0.6,906000,91293.61814
1859,71.16574798,2.343520397,0.212916494,9.281380387,0.259698048,0.2,0.8,0.6,959000,119544.2055
1285,112.9582989,2.52434689,0.229926272,98.45473696,0.177789691,0.2,0.8,0.3,385000,16427.76744
1365,119.1204271,2.30095197,0.115625204,82.93095023,0.232336617,0.2,0.8,0.3,465000,25928.76646
2394,79.12702163,2.35201933,0.10995018,94.37842173,0.203965425,0.2,0.8,0.6,1494000,146267.6859
4628,58.69869111,2.240166205,0.149153712,68.45517143,0.279493754,0.2,0.8,0.6,3728000,500137.3026
3539,78.74712441,2.577334028,0.140416783,54.76800771,0.106541378,0.2,0.8,0.6,2639000,134958.094
3316,79.08947977,2.640171661,0.154707592,60.34099216,0.082267966,0.244864619,0.755135381,0.6,2416000,90054.15546
3587,42.97320004,2.58560802,0.068567466,28.26552696,0.066479723,0.800505847,0.199494153,0.6,2687000,21381.50598
1095,106.84584,2.374026778,0.299671807,21.91043592,0.287822514,0.2,0.8,0.3,195000,13470.09367
1187,98.67779441,2.62430664,0.272787322,65.07181832,0.149240341,0.2,0.8,0.3,287000,10279.67468
4405,79.2007331,2.490567749,0.264947976,47.05833377,0.212190114,0.2,0.8,0.6,3505000,356988.647
2640,77.75651952,2.372677128,0.18799648,43.13728514,0.232659676,0.2,0.8,0.6,1740000,194317.361
3975,110.245261,2.498582694,0.098346973,53.97368197,0.12488214,0.2,0.8,0.3,3075000,92163.01897
2637,93.22402785,2.474836578,0.289064302,58.48364645,0.232113862,0.2,0.8,0.3,1737000,96763.62683
2631,81.86711546,2.505905265,0.232631873,6.585337324,0.188363304,0.427985816,0.572014184,0.3,1731000,55952.74784
2232,74.35917792,2.26565741,0.103770254,3.927620096,0.244056422,0.427454651,0.572545349,0.6,1332000,111674.9088
3126,73.97423331,2.430126305,0.2662357,71.80864162,0.243054698,0.2,0.8,0.6,2226000,259699.0833
2823,100.2802602,2.233847289,0.225822864,75.10075781,0.320987788,0.2,0.8,0.3,1923000,148142.2837
3796,113.6358054,2.238671207,0.287509422,17.44217461,0.349419108,0.2,0.8,0.3,2896000,242860.2567
3684,107.1494797,2.316883569,0.272695997,56.05525472,0.302906214,0.2,0.8,0.3,2784000,202389.816
4920,90.59134392,2.461520814,0.072618798,15.09557628,0.130548992,0.388689903,0.611310097,0.3,4020000,96245.93579
4652,102.3205695,2.22192432,0.097187052,72.51126734,0.262631366,0.2,0.8,0.3,3752000,236494.2923
1361,76.64507256,2.225238983,0.246000775,84.31927333,0.335380896,0.2,0.8,0.6,461000,74213.08466
1585,68.87340276,2.351301512,0.125702337,66.74462275,0.212200412,0.2,0.8,0.6,685000,69771.4956
1156,118.7955643,2.592531076,0.103785844,37.10477724,0.080627384,0.414576836,0.585423164,0.3,256000,3625.04742
3085,84.20149534,2.542775985,0.146162252,16.90147246,0.126693133,0.368611859,0.631388141,0.3,2185000,52435.11128
1166,84.8665435,2.512625791,0.248340655,92.02838287,0.192857432,0.2,0.8,0.3,266000,12312.01847
4521,96.11746706,2.311276907,0.114622823,20.84988701,0.226672958,0.2,0.8,0.3,3621000,196987.8678
4288,83.83474928,2.520645211,0.297326522,76.58682269,0.213340656,0.2,0.8,0.3,3388000,173471.554
1837,118.5627793,2.644400888,0.122826868,2.233033705,0.06421299,0.9,0.1,0.3,937000,1805.027139
3065,103.377108,2.374031763,0.160690337,37.40014515,0.218329287,0.2,0.8,0.3,2165000,113443.8975
1944,97.69051122,2.230121568,0.348131739,13.03030096,0.35,0.2,0.8,0.3,1044000,87696
4143,118.3496692,2.370611877,0.154203292,9.268891132,0.216795708,0.229546598,0.770453402,0.3,3243000,162504.4506
1944,49.72790559,2.329655245,0.08462409,91.51575438,0.202484422,0.2,0.8,0.6,1044000,101468.9937
4451,69.80896648,2.647210005,0.298733287,25.37003633,0.150761641,0.2,0.8,0.6,3551000,256970.2024
4320,42.86208964,2.212760825,0.061742847,88.11814801,0.249491011,0.2,0.8,0.6,3420000,409564.443
1885,65.19407585,2.34963126,0.230245152,78.58116616,0.265306946,0.2,0.8,0.6,985000,125437.1242
2608,42.28513777,2.328120085,0.092601971,88.83863756,0.207240943,0.2,0.8,0.6,1708000,169904.4145
2341,56.6354925,2.560657596,0.247899755,12.95879547,0.168621079,0.271401119,0.728598881,0.6,1441000,106222.2745
2372,63.25495188,2.310394991,0.182786356,70.01137295,0.261195683,0.2,0.8,0.6,1472000,184550.4215
2588,112.7447953,2.210057961,0.123825854,38.55605184,0.281883946,0.2,0.8,0.3,1688000,114196.8243
1810,47.56032654,2.465826121,0.096222176,7.539697008,0.140198027,0.674780152,0.325219848,0.6,910000,24894.96893
3222,107.7658149,2.454028136,0.259620469,36.54091329,0.227796166,0.2,0.8,0.3,2322000,126946.2476
2090,43.69068561,2.22365696,0.162532681,92.05030521,0.294437861,0.2,0.8,0.6,1190000,168182.906
4790,46.50593378,2.344314574,0.058909726,8.561101371,0.182297576,0.351486437,0.648513563,0.6,3890000,275931.2001
2981,93.27533421,2.528396902,0.161206124,21.17226304,0.141404611,0.236213968,0.763786032,0.3,2081000,67426.18973
3842,59.64344322,2.418049226,0.322294159,76.68140725,0.277122467,0.2,0.8,0.6,2942000,391341.2627
1367,69.46668437,2.300962871,0.067558381,7.4159787,0.208297755,0.310786646,0.689213354,0.6,467000,40225.95869
1741,110.316336,2.378282104,0.237274718,45.08400559,0.254496307,0.2,0.8,0.3,841000,51367.53458
1315,114.4872093,2.204868047,0.086332182,34.00784306,0.265732068,0.2,0.8,0.3,415000,26466.91394
1073,96.81810124,2.56412676,0.320036042,84.32711767,0.202954641,0.2,0.8,0.3,173000,8426.676682
4459,64.71693853,2.321772259,0.078276813,71.89160797,0.203252277,0.2,0.8,0.6,3559000,347219.9298
4960,81.97949497,2.269917258,0.184246658,10.64773551,0.2821647,0.2,0.8,0.3,4060000,274941.2838
3158,69.94106899,2.454509983,0.143789861,31.58195827,0.169639939,0.2,0.8,0.6,2258000,183862.5515
4683,107.9822617,2.461128527,0.214301532,86.36176015,0.201586503,0.2,0.8,0.3,3783000,183024.4174
2817,54.16612403,2.264720317,0.12668474,38.44933722,0.255982212,0.2,0.8,0.6,1917000,235544.5918
2778,62.93158574,2.445637499,0.284566782,28.9205168,0.244464641,0.2,0.8,0.6,1878000,220370.2063
3011,100.7996387,2.503162619,0.053097027,12.40376684,0.099967204,0.806735774,0.193264226,0.3,2111000,12235.40939
1760,48.88027984,2.261126664,0.325200782,42.89524948,0.35,0.2,0.8,0.6,860000,144480
2775,59.74148944,2.530223309,0.193457494,89.35601472,0.156617092,0.2,0.8,0.6,1875000,140955.3832
4911,81.21428241,2.41592868,0.101128693,86.17828641,0.167600006,0.2,0.8,0.3,4011000,161338.47
4762,95.99426546,2.575886503,0.115292006,33.51133308,0.094702752,0.332723211,0.667276789,0.3,3862000,73215.34972
2307,72.82028103,2.263248832,0.055117647,21.97470943,0.220934408,0.2,0.8,0.6,1407000,149210.2616
2401,84.36441494,2.586174656,0.274223591,68.98096242,0.169024467,0.2,0.8,0.3,1501000,60889.37412
3785,115.7817047,2.561257129,0.282538891,24.48323531,0.185640881,0.2,0.8,0.3,2885000,128537.7458
3247,62.56118214,2.503079472,0.120834551,73.60635989,0.13387754,0.2,0.8,0.6,2347000,150821.0814
2660,115.0744969,2.441100396,0.188068815,77.79533533,0.198484209,0.2,0.8,0.3,1760000,83839.72995
1545,59.15769614,2.488521512,0.244309435,28.69393742,0.202893962,0.2,0.8,0.6,645000,62815.97059
2054,46.95754427,2.606051242,0.31661327,20.28120165,0.180281014,0.2,0.8,0.6,1154000,99861.25918
1967,70.34328234,2.483210833,0.098071298,39.33304211,0.132430233,0.2,0.8,0.6,1067000,67825.46794
1592,115.2779877,2.494545882,0.349072628,53.94962131,0.252263373,0.2,0.8,0.3,692000,41895.90099
2026,109.7482,2.301234544,0.20922184,42.84072385,0.278993648,0.2,0.8,0.3,1126000,75395.24348
2022,106.1031608,2.617811076,0.203962738,79.53131013,0.118075831,0.2,0.8,0.3,1122000,31795.45979
1152,44.04438764,2.513260359,0.138354356,45.18945782,0.137546999,0.2,0.8,0.6,252000,16637.68494
2253,62.2320303,2.232718804,0.293248049,40.54852401,0.35,0.2,0.8,0.6,1353000,227304
3269,102.267336,2.625219377,0.116904416,59.08930987,0.07084252,0.337212049,0.662787951,0.3,2369000,33369.90111
4746,92.97134278,2.619300597,0.300588057,81.38744651,0.16564373,0.2,0.8,0.3,3846000,152895.7884
4289,106.1364476,2.620018825,0.285263328,71.09229016,0.157622251,0.2,0.8,0.3,3389000,128203.6344
3098,118.458993,2.595384652,0.257687736,97.11457922,0.156151542,0.2,0.8,0.3,2198000,82373.06123
2278,112.4456028,2.34762011,0.286730008,78.79163925,0.294554949,0.2,0.8,0.3,1378000,97415.2128
2418,92.11329232,2.278372377,0.281674992,99.7385688,0.326651308,0.2,0.8,0.3,1518000,119005.6044
1103,112.6550725,2.479094836,0.146838618,15.87620467,0.158871891,0.249550923,0.750449077,0.3,203000,7260.818584
3678,58.27415961,2.319852124,0.328955541,9.733231257,0.329551708,0.2,0.8,0.6,2778000,439437.43
1177,49.0554276,2.556639737,0.205062909,73.11899654,0.149211586,0.2,0.8,0.6,277000,19839.17247
1785,114.8279156,2.543474789,0.123122663,8.260999373,0.114823937,0.9,0.1,0.3,885000,3048.575529
4998,68.77023712,2.548520091,0.144539511,69.0368995,0.12300971,0.2,0.8,0.6,4098000,241965.0204
2747,43.83412576,2.631338144,0.11841045,17.85211023,0.068536153,0.9,0.1,0.6,1847000,7595.17649
1472,103.1054242,2.218037679,0.314650425,51.88523534,0.35,0.2,0.8,0.3,572000,48048
1454,48.33192619,2.228791497,0.108573995,99.72860642,0.264891249,0.2,0.8,0.6,554000,70439.88101
3372,89.6635905,2.594174913,0.31802811,83.0849201,0.186926598,0.2,0.8,0.3,2472000,110899.8122
3906,116.1774126,2.322199018,0.123079169,5.517524889,0.225440076,0.356609949,0.643390051,0.3,3006000,130802.3944
1685,53.22902467,2.533744408,0.242556513,87.5304117,0.179406052,0.2,0.8,0.6,785000,67600.2005
1392,75.35396824,2.248664528,0.168865481,47.16437646,0.285100476,0.2,0.8,0.6,492000,67329.32849
1175,98.07447508,2.336525893,0.272968931,45.43989917,0.293221519,0.2,0.8,0.3,275000,19352.62026
3971,112.8432482,2.267614864,0.152939558,81.62767333,0.267662347,0.2,0.8,0.3,3071000,197277.8562
4100,82.06200847,2.434854133,0.227349275,97.41313722,0.221247571,0.2,0.8,0.3,3200000,169918.1347
2324,43.08274362,2.281730325,0.056000745,5.694176959,0.21213521,0.390250551,0.609749449,0.6,1424000,110516.0653
3970,55.0325188,2.602577189,0.302911302,47.79329467,0.175167056,0.2,0.8,0.6,3070000,258126.1741
2130,43.40446037,2.590620744,0.154437972,93.55859743,0.106908614,0.2,0.8,0.6,1230000,63118.84557
2131,98.20097669,2.475069075,0.279234804,20.01702477,0.227082865,0.2,0.8,0.3,1231000,67089.36154
4923,56.12439993,2.555939779,0.132364323,27.67011962,0.113212272,0.281969379,0.718030621,0.6,4023000,196217.508
2639,91.02742335,2.444747146,0.125527585,13.3349295,0.16539022,0.27415087,0.72584913,0.3,1739000,62629.22261
2838,102.2855685,2.417010479,0.163354576,30.64900416,0.198172048,0.2,0.8,0.3,1938000,92173.78308
2193,93.07310641,2.406039587,0.078572613,78.58534409,0.161266513,0.2,0.8,0.3,1293000,50044.2244
1523,115.8466921,2.603631634,0.277821974,27.73830423,0.16209517,0.2,0.8,0.3,623000,24236.46984
2575,64.25406194,2.444918876,0.242660689,44.86273154,0.223870907,0.2,0.8,0.6,1675000,179992.209
2282,72.58553751,2.530960415,0.28904339,78.96543141,0.204041488,0.2,0.8,0.6,1382000,135352.9613
1437,54.00236871,2.276830041,0.320458663,7.957115582,0.346814311,0.2,0.8,0.6,537000,89394.85677
2026,74.95109777,2.460326004,0.065130504,68.81085056,0.12740225,0.2,0.8,0.6,1126000,68858.36803
1072,78.48646011,2.596484363,0.065188094,12.74777808,0.059351866,0.9,0.1,0.6,172000,612.5112541
4076,53.19614334,2.235801368,0.321915535,11.412112,0.35,0.2,0.8,0.6,3176000,533568
4900,113.7828209,2.326109484,0.222474369,72.40172837,0.273182442,0.2,0.8,0.3,4000000,262255.1445
2878,86.26981408,2.278533459,0.282675338,50.57842329,0.32707094,0.2,0.8,0.3,1978000,155267.1164
2687,78.42081301,2.546204252,0.301518981,96.73497795,0.202657364,0.2,0.8,0.6,1787000,173831.3808
2592,91.26337708,2.231950592,0.131019651,30.74069087,0.274534529,0.2,0.8,0.3,1692000,111482.9816
4696,54.33028515,2.630377357,0.234876102,25.55431296,0.127249372,0.241670975,0.758329025,0.6,3796000,219781.322
3802,82.62572993,2.394913469,0.292784839,59.08027461,0.273935685,0.2,0.8,0.3,2902000,190790.7259
1944,44.00913153,2.226623534,0.177909414,80.59132556,0.30064294,0.2,0.8,0.6,1044000,150658.1902
4539,84.36851752,2.203750969,0.195654012,18.51771308,0.320951521,0.2,0.8,0.3,3639000,280306.2208
3115,72.31345268,2.36261009,0.286968946,39.5882893,0.287179428,0.2,0.8,0.6,2215000,305329.1677
1878,90.01897618,2.260791509,0.304045713,37.04122686,0.346627102,0.2,0.8,0.3,978000,81360.31337
1286,71.17264172,2.204882815,0.143961831,65.43144683,0.294539508,0.2,0.8,0.6,386000,54572.28004
1681,118.2100237,2.627401466,0.111176851,79.24711435,0.066887693,0.282048706,0.717951294,0.3,781000,11251.57932
4611,89.72735823,2.52926112,0.08558091,35.5833033,0.103159895,0.264077837,0.735922163,0.3,3711000,84519.12314
3851,78.00318618,2.50113941,0.24430468,89.68366364,0.196582635,0.2,0.8,0.6,2951000,278455.3706
3242,66.60278339,2.271820542,0.32240939,33.77215677,0.35,0.2,0.8,0.6,2342000,393456
3686,112.5297203,2.450805646,0.229845474,19.07882083,0.214519914,0.2,0.8,0.3,2786000,143436.595
1416,81.82282861,2.203350866,0.052915588,13.02395864,0.249782361,0.2,0.8,0.3,516000,30933.04762
3655,107.4212547,2.460129976,0.156757792,30.27170436,0.173313908,0.2,0.8,0.3,2755000,114595.1559
3234,77.53159531,2.451561834,0.327142744,7.653745287,0.262790455,0.2,0.8,0.6,2334000,294409.4029
4869,63.19387242,2.524580211,0.132050279,7.535657643,0.128735034,0.800728592,0.199271408,0.6,3969000,61090.55793
1448,71.32409165,2.519554286,0.28458287,86.91303702,0.207514292,0.2,0.8,0.6,548000,54584.55944
3139,82.98256897,2.276910021,0.063049098,7.387842401,0.218069539,0.284637665,0.715362335,0.3,2239000,104784.3499
2464,103.2915612,2.457009694,0.175470618,85.86530953,0.184230462,0.2,0.8,0.3,1564000,69152.7461
3847,47.46920612,2.416403915,0.306019672,66.41881034,0.269807878,0.2,0.8,0.6,2947000,381659.4325
2238,119.5750825,2.485199194,0.120155587,65.54526505,0.142478196,0.2,0.8,0.3,1338000,45752.59838
4194,110.3714562,2.438340932,0.28500089,21.46045529,0.248329979,0.2,0.8,0.3,3294000,196319.7484
3733,89.33188412,2.617214313,0.286078198,67.73139044,0.159431942,0.2,0.8,0.3,2833000,108400.9663
3515,115.3154272,2.242943757,0.241790181,3.98748215,0.324423212,0.238274413,0.761725587,0.3,2615000,193866.787
4955,45.4783325,2.260410435,0.262520814,14.45851265,0.32605519,0.2,0.8,0.6,4055000,634633.8214
3360,104.8660221,2.602626408,0.091886078,36.13848139,0.069629835,0.57074139,0.42925861,0.3,2460000,22058.23416
2314,79.64999832,2.311926476,0.208400116,88.69279636,0.27323682,0.2,0.8,0.6,1414000,185451.2945
2420,76.97221539,2.469862178,0.216407017,32.13568981,0.19827242,0.2,0.8,0.6,1520000,144659.5575
4515,99.89846134,2.359296958,0.202073133,81.78431861,0.246388088,0.2,0.8,0.3,3615000,213766.3048
3683,96.3115413,2.465369862,0.301273542,99.49698594,0.24295184,0.2,0.8,0.3,2783000,162272.3931
3832,74.38064844,2.389176875,0.209089254,30.32488941,0.234956189,0.2,0.8,0.6,2932000,330667.9427
4832,41.83203659,2.562026068,0.119832746,38.58432598,0.103903339,0.240065677,0.759934323,0.6,3932000,186281.7564
1967,42.39071327,2.519667611,0.247577827,24.56173361,0.188955108,0.2,0.8,0.6,1067000,96775.24814
2118,73.5013844,2.392198967,0.254975785,33.50056514,0.256388409,0.2,0.8,0.6,1218000,149894.9196
1187,96.08810467,2.443152666,0.301383461,19.82511545,0.254115398,0.2,0.8,0.3,287000,17503.46861
3017,103.8562627,2.303778567,0.34846781,87.99240106,0.347344622,0.2,0.8,0.3,2117000,176478.8553
3150,49.37321776,2.641055603,0.190706719,62.07453841,0.099825558,0.2,0.8,0.6,2250000,107811.6029
1887,105.6706534,2.536954715,0.15549916,33.92923675,0.134272222,0.2,0.8,0.3,987000,31806.40406
3018,106.5408371,2.294539998,0.203278139,10.50302353,0.27936907,0.2,0.8,0.3,2118000,142008.8858
4093,104.8936055,2.45828327,0.162071979,84.05980133,0.176894355,0.2,0.8,0.3,3193000,135557.6818
4497,109.957014,2.480562783,0.106505359,68.92613268,0.137971288,0.2,0.8,0.3,3597000,119107.8536
3033,104.3161022,2.62900895,0.270926324,49.01278219,0.145958687,0.2,0.8,0.3,2133000,74719.171
2869,113.1909614,2.205625836,0.15733031,93.04855738,0.300852237,0.2,0.8,0.3,1969000,142170.7331
4362,99.89608467,2.336837074,0.127747798,22.07553665,0.220455362,0.2,0.8,0.3,3462000,183171.9511
2607,105.5177846,2.255882889,0.317214145,85.71838901,0.35,0.2,0.8,0.3,1707000,143388
3764,46.72355841,2.283003069,0.110989105,77.75900959,0.238993018,0.2,0.8,0.6,2864000,328548.482
3649,100.6029565,2.201226564,0.250322335,75.67989879,0.349547886,0.2,0.8,0.3,2749000,230617.7132
2738,59.68985283,2.281533001,0.077427596,53.70465541,0.222947297,0.2,0.8,0.6,1838000,196693.0237
3122,46.96295225,2.379688692,0.129729854,82.42598388,0.200020581,0.2,0.8,0.6,2222000,213333.9509
2406,51.48339996,2.348864525,0.195858305,42.79819989,0.24849689,0.2,0.8,0.6,1506000,179633.4316
2021,116.4285113,2.397292305,0.211346874,12.35189736,0.232027284,0.2,0.8,0.3,1121000,62424.62061
3343,65.91654208,2.335717257,0.072544228,53.09696474,0.193413485,0.2,0.8,0.6,2443000,226804.3891
3857,76.95977828,2.34186924,0.079604412,95.57324988,0.193867586,0.2,0.8,0.6,2957000,275167.8964
3777,102.8840795,2.628540605,0.177490053,38.83809695,0.099474724,0.260205561,0.739794439,0.3,2877000,63516.26044
1544,112.7489994,2.526505474,0.089610671,50.66877551,0.106552599,0.2,0.8,0.3,644000,16468.76964
2522,108.316377,2.574130024,0.167943539,99.14767407,0.121906758,0.2,0.8,0.3,1622000,47455.86265
4307,110.8957021,2.411485706,0.246503066,20.02335229,0.24250868,0.2,0.8,0.3,3407000,198294.4973
1976,61.58684072,2.598897483,0.243288592,75.73901769,0.147195555,0.2,0.8,0.6,1076000,76023.56015
3932,70.15816062,2.39700331,0.261253809,51.71667168,0.25712525,0.2,0.8,0.6,3032000,374209.8032
2523,104.7252817,2.274073337,0.245942033,2.869681545,0.310934348,0.36043661,0.63956339,0.3,1623000,96826.01759
1526,45.68412558,2.231200248,0.139842457,84.81554781,0.279321104,0.2,0.8,0.6,626000,83930.40547
3642,45.15521335,2.63420682,0.127101897,50.32991646,0.071447538,0.389223675,0.610776325,0.6,2742000,71794.00247
4279,78.01344143,2.200193235,0.116916559,24.18952468,0.283361662,0.2,0.8,0.6,3379000,459589.9462
2348,41.61423809,2.349264739,0.324535329,53.58679671,0.312635295,0.2,0.8,0.6,1448000,217294.0355
4157,101.2974947,2.571423105,0.101367519,70.19300298,0.089972207,0.2,0.8,0.3,3257000,70329.47516
3680,85.83444059,2.497611182,0.142994014,54.34194527,0.147691416,0.2,0.8,0.3,2780000,98539.71261
4216,117.6821255,2.511803721,0.275139733,60.8249057,0.206668006,0.2,0.8,0.3,3316000,164474.666
1011,74.83496357,2.552883807,0.129638363,33.5162345,0.113377278,0.232109399,0.767890601,0.6,111000,5798.285661
3156,78.03872724,2.508783611,0.30917604,68.42112996,0.225196214,0.2,0.8,0.6,2256000,243860.4766
4889,101.3564197,2.209451996,0.101259918,28.68873309,0.270903961,0.2,0.8,0.3,3989000,259352.6162
2819,42.71310765,2.629774288,0.09459171,82.28510368,0.057408711,0.368742494,0.631257506,0.6,1919000,41726.36723
2618,78.24893268,2.369957736,0.143275131,36.80123755,0.211658697,0.2,0.8,0.6,1718000,174542.2282
3945,77.9576439,2.578485107,0.277873628,65.09366005,0.174694261,0.2,0.8,0.6,3045000,255333.1317
1675,96.0149671,2.433137156,0.158427152,96.57985482,0.187644998,0.2,0.8,0.3,775000,34901.96961
3040,110.6654362,2.596550165,0.191349488,42.55245466,0.122399661,0.2,0.8,0.3,2140000,62864.46611
4162,85.86650855,2.224572462,0.341010701,56.61848673,0.35,0.2,0.8,0.3,3262000,274008
4183,91.84627319,2.610296007,0.284977283,93.45706072,0.162340638,0.2,0.8,0.3,3283000,127911.4355
2536,62.30444746,2.474137176,0.328456906,29.67333953,0.252159865,0.2,0.8,0.6,1636000,198016.0987
4237,119.2396378,2.211056236,0.091644871,11.95747792,0.265294317,0.2,0.8,0.3,3337000,212468.9129
2584,117.2268127,2.486258051,0.245829357,84.56888038,0.204785653,0.2,0.8,0.3,1684000,82766.16944
2723,111.8974117,2.604866531,0.281352607,10.99949214,0.163243038,0.341159939,0.658840061,0.3,1823000,58819.67096
1331,75.1349554,2.282627699,0.318284015,83.23854933,0.342828158,0.2,0.8,0.6,431000,70924.28936
4557,82.96335,2.292133982,0.077271667,62.42282194,0.217568842,0.2,0.8,0.3,3657000,190955.8216
2282,118.4332402,2.255253211,0.239148496,80.84017615,0.316947642,0.2,0.8,0.3,1382000,105125.1939
2870,62.4818922,2.279469144,0.131370116,19.3509389,0.250950486,0.2,0.8,0.6,1970000,237298.7797
2761,102.964335,2.56732725,0.065085024,51.72957685,0.073878887,0.354177022,0.645822978,0.3,1861000,26637.99094
2317,101.3008338,2.461795112,0.179337489,70.85141834,0.183771189,0.2,0.8,0.3,1417000,62496.90589
1578,110.5267,2.603705764,0.241547477,37.64081234,0.143920857,0.2,0.8,0.3,678000,23418.8018
2955,42.48449999,2.551088663,0.094602487,88.89553006,0.096756912,0.2,0.8,0.6,2055000,95441.01786
4883,118.1850675,2.293875283,0.127832415,66.24486654,0.241978566,0.2,0.8,0.3,3983000,231312.1507
4838,108.7594321,2.314181856,0.344631175,35.76793451,0.34022466,0.2,0.8,0.3,3938000,321553.1306
1756,70.48409372,2.426696766,0.313801528,14.50741028,0.268552381,0.2,0.8,0.6,856000,110342.8024
2342,118.1683467,2.393143244,0.09470636,35.72905301,0.175781558,0.2,0.8,0.3,1442000,60834.4816
4506,74.97306107,2.490179084,0.113202984,94.42443951,0.13651195,0.2,0.8,0.6,3606000,236285.8039
2202,41.77672251,2.465409661,0.110881816,89.35907759,0.147736078,0.2,0.8,0.6,1302000,92329.13909
4540,84.85308424,2.365548517,0.199320355,89.44714264,0.241885919,0.2,0.8,0.3,3640000,211311.539
3973,112.2497786,2.476656745,0.143569657,54.64702727,0.158456456,0.2,0.8,0.3,3073000,116864.8055
2614,86.02254777,2.56275168,0.08818449,84.19922558,0.087716405,0.2,0.8,0.3,1714000,36083.02026
4879,58.27676855,2.391796773,0.314630466,92.78643952,0.286416847,0.2,0.8,0.6,3979000,547033.2638
1716,117.0303471,2.624887629,0.155522159,28.1702445,0.090317265,0.435178899,0.564821101,0.3,816000,12488.00615
3228,53.89542897,2.335770483,0.093828896,70.64655985,0.204029206,0.2,0.8,0.6,2328000,227990.3965
3216,105.7337098,2.237009966,0.345156731,74.32354428,0.35,0.2,0.8,0.3,2316000,194544
1691,91.18741338,2.411043107,0.150652907,46.43413913,0.1948049,0.2,0.8,0.3,791000,36981.76222
2637,57.23252303,2.506895805,0.164673353,52.33553282,0.153888774,0.2,0.8,0.6,1737000,128306.3043
1792,97.74136612,2.31050203,0.265129885,27.41499645,0.302313928,0.2,0.8,0.3,892000,64719.36566
2959,42.13960504,2.537522707,0.159634083,59.56971137,0.136055688,0.2,0.8,0.6,2059000,134466.5579
3678,46.00730126,2.626946358,0.219962749,86.58651824,0.121508195,0.2,0.8,0.6,2778000,162023.8878
1504,104.5428535,2.57603491,0.12032291,64.92436007,0.097144,0.2,0.8,0.3,604000,14081.99423
3137,117.5815457,2.351600282,0.253355616,15.62812288,0.275877667,0.2,0.8,0.3,2237000,148113.2019
3035,50.07727379,2.465372558,0.103800109,72.71334267,0.144213776,0.2,0.8,0.6,2135000,147790.2771
1580,53.7797775,2.550129212,0.231650707,80.43212873,0.165760747,0.2,0.8,0.6,680000,54104.30791
2813,96.1536016,2.363569423,0.342875074,60.65455574,0.314652826,0.2,0.8,0.3,1913000,144463.4053
3652,56.56324463,2.292199186,0.124896087,10.80829854,0.241348451,0.2,0.8,0.6,2752000,318811.6493
3306,47.16242463,2.315913231,0.183868016,76.82387283,0.258977393,0.2,0.8,0.6,2406000,299087.8114
3489,81.5671512,2.527170256,0.348635019,49.01303597,0.235732382,0.2,0.8,0.3,2589000,146474.6728
3088,90.04063541,2.403416492,0.258256069,59.35819309,0.252419788,0.2,0.8,0.3,2188000,132550.6792
2163,69.21453917,2.453711653,0.159151157,78.19661415,0.177719752,0.2,0.8,0.6,1263000,107740.8225
2324,49.53610573,2.226236505,0.107473928,97.72564055,0.265618711,0.2,0.8,0.6,1424000,181555.7016
1225,91.99349612,2.23599041,0.108824807,40.40910528,0.261417198,0.2,0.8,0.3,325000,20390.54146
4158,91.07900553,2.380443597,0.116280912,49.17270937,0.192918657,0.2,0.8,0.3,3258000,150846.9565
3518,70.649367,2.545173691,0.340222271,4.6895353,0.22252429,0.430640969,0.569359031,0.6,2618000,199014.4126
2192,96.9451972,2.573400323,0.326109044,34.25493629,0.201354361,0.2,0.8,0.3,1292000,62435.96019
1874,119.0333605,2.319291089,0.303499324,46.24377312,0.317104117,0.2,0.8,0.3,974000,74126.25846
2023,55.9763617,2.624487446,0.085751823,40.08113149,0.055632189,0.806134924,0.193865076,0.6,1123000,7267.026313
4116,58.77278548,2.3395051,0.088507102,37.43421563,0.199501001,0.2,0.8,0.6,3216000,307965.7052
4632,44.89720025,2.281856762,0.120125764,79.23011231,0.244134501,0.2,0.8,0.6,3732000,437332.7801
1218,106.3522716,2.516379879,0.275126017,79.3257722,0.204373069,0.2,0.8,0.3,318000,15597.75265
1193,55.59034202,2.323756409,0.140719804,59.5169227,0.233481697,0.2,0.8,0.6,293000,32836.86593
2606,81.44260446,2.379877401,0.316895866,66.92584946,0.293509232,0.2,0.8,0.3,1706000,120174.4202
3271,108.6731058,2.519763834,0.293018963,84.99615049,0.211627565,0.2,0.8,0.3,2371000,120424.5493
3931,63.81317217,2.403398639,0.115343688,28.98595727,0.180972525,0.2,0.8,0.6,3031000,263293.3066
1449,91.66181876,2.436707797,0.153085995,80.70549841,0.183189099,0.2,0.8,0.3,549000,24136.9957
2466,45.03884006,2.410461322,0.337806188,44.91688124,0.288672433,0.2,0.8,0.6,1566000,216989.2945
1283,42.52474855,2.525852489,0.135318463,14.05419442,0.129732987,0.422759335,0.577240665,0.6,383000,17209.06843
1209,86.91156036,2.261008265,0.308756144,47.94944884,0.348873939,0.2,0.8,0.3,309000,25872.49134
1379,85.04239221,2.58713723,0.236993653,42.00645668,0.149928211,0.2,0.8,0.3,479000,17235.74717
3202,85.96215656,2.640471218,0.279240989,81.82909138,0.144384885,0.2,0.8,0.3,2302000,79769.76137
4626,100.2147739,2.325914791,0.341616274,90.63452411,0.332850741,0.2,0.8,0.3,3726000,297648.4471
1551,61.57803262,2.263637571,0.058457062,10.91697889,0.222409746,0.2,0.8,0.6,651000,69498.59729
3495,53.89518406,2.276460727,0.22576726,3.373033703,0.299653267,0.330172795,0.669827205,0.6,2595000,312514.6721
3562,52.40019393,2.529454117,0.192477899,20.84876398,0.156511891,0.2,0.8,0.6,2662000,199984.634
2063,115.657302,2.406136423,0.335860412,78.3480702,0.289861994,0.2,0.8,0.3,1163000,80906.27988
1365,86.97715618,2.292154097,0.113494055,73.97245774,0.235669979,0.2,0.8,0.3,465000,26300.76963
1521,106.2735805,2.46560819,0.32929147,98.39751218,0.25684164,0.2,0.8,0.3,621000,38279.67802
1323,54.24200215,2.52483073,0.14148781,22.58214008,0.13332854,0.249108563,0.750891437,0.6,423000,25409.25275
4798,54.97931192,2.534337224,0.253775287,65.06163222,0.184719032,0.2,0.8,0.6,3898000,345616.697
4044,73.34222379,2.223956446,0.08874021,39.10995979,0.257391882,0.2,0.8,0.6,3144000,388435.2368
2152,96.41548007,2.274062133,0.335327376,13.87319799,0.35,0.2,0.8,0.3,1252000,105168
1699,69.34032454,2.446866409,0.209401378,13.01285955,0.206267485,0.2,0.8,0.6,799000,79107.70572
1702,111.1978885,2.500197432,0.317362015,49.58383342,0.233582292,0.2,0.8,0.3,802000,44959.91948
4893,81.73013171,2.262778288,0.172058229,39.81400492,0.27963997,0.2,0.8,0.3,3993000,267984.5764
3868,92.24535999,2.635415691,0.131895681,69.96448633,0.073239995,0.266456144,0.733543856,0.3,2968000,47836.51596
2293,77.16466097,2.331844773,0.208696761,11.79089335,0.263425994,0.2,0.8,0.6,1393000,176137.1567
4097,119.8391421,2.479249892,0.096903603,41.60359448,0.133826855,0.2,0.8,0.3,3197000,102682.6697
4856,101.1948722,2.639233783,0.31091853,26.11559992,0.160842373,0.2,0.8,0.3,3956000,152710.183
2181,57.17925431,2.31895551,0.281552276,57.37945936,0.306298383,0.2,0.8,0.6,1281000,188336.7496
1417,74.40843107,2.324706,0.33669358,13.3762575,0.33099379,0.2,0.8,0.6,517000,82139.41893
1486,52.49395557,2.348689044,0.258581226,42.17117018,0.279946091,0.2,0.8,0.6,586000,78743.23659
2016,114.4787122,2.484064388,0.11349463,25.5999387,0.139715121,0.200112516,0.799887484,0.3,1116000,37416.03494
4481,85.43767611,2.500793704,0.132884843,54.38366844,0.14104557,0.2,0.8,0.3,3581000,121220.2045
1560,95.89287812,2.642776022,0.129689819,67.49857518,0.068456899,0.316133817,0.683866183,0.3,660000,9269.440871
4383,60.92751544,2.424858864,0.338617137,10.65158809,0.281879137,0.2,0.8,0.6,3483000,471256.8159
3711,62.60407433,2.632160347,0.272707706,44.52582996,0.145273679,0.2,0.8,0.6,2811000,196014.8699
3049,41.31121846,2.312300759,0.060484272,83.69104955,0.199091756,0.2,0.8,0.6,2149000,205367.1284
2626,54.90700936,2.294711946,0.080908639,84.83497932,0.218098346,0.2,0.8,0.6,1726000,180690.118
1441,74.49565171,2.460131321,0.243393623,72.95915769,0.216631151,0.2,0.8,0.6,541000,56254.77737
4088,64.34805219,2.570979564,0.221423131,44.53451311,0.150221784,0.2,0.8,0.6,3188000,229875.3826
4117,84.80180509,2.646171994,0.072886892,31.34475316,0.05,0.9,0.1,0.3,3217000,4825.5
2249,96.84849879,2.457327462,0.143671606,78.05195323,0.168172072,0.2,0.8,0.3,1349000,54447.39005
4582,98.93150409,2.642820562,0.070883388,62.91272621,0.05,0.63580141,0.36419859,0.3,3682000,20114.68815
1127,88.9894543,2.446854662,0.059447138,22.96542588,0.131296238,0.25259278,0.74740722,0.3,227000,6682.7726
4381,112.6925303,2.292978539,0.174575541,6.418621583,0.265798501,0.220522635,0.779477365,0.3,3481000,216362.1627
2112,107.3284227,2.323248607,0.294533547,93.27057111,0.31064247,0.2,0.8,0.3,1212000,90359.68169
2268,82.08714577,2.321080391,0.250719393,59.80085853,0.289819501,0.2,0.8,0.3,1368000,95153.53851
3573,79.3546724,2.369051697,0.178432638,20.43360351,0.22969047,0.2,0.8,0.6,2673000,294702.0612
4057,86.54876849,2.629353037,0.332522824,77.85131553,0.176584894,0.2,0.8,0.3,3157000,133794.8421
4429,99.53432539,2.350382617,0.286947059,54.05186717,0.293282221,0.2,0.8,0.3,3529000,248398.3102
2384,60.43784468,2.295263666,0.063216271,47.1537136,0.208976303,0.2,0.8,0.6,1484000,148857.9998
4281,74.27790256,2.620093685,0.325067381,5.972517499,0.177486848,0.531508503,0.468491497,0.6,3381000,168680.2788
2468,61.29774462,2.211301754,0.153024895,11.89790665,0.29586157,0.2,0.8,0.6,1568000,222677.2521
2539,68.59443009,2.516521213,0.256806453,49.11409968,0.19514262,0.2,0.8,0.6,1639000,153522.6019
3830,65.51881745,2.565900856,0.086609283,35.24798975,0.085354213,0.389417726,0.610582274,0.6,2930000,91619.5232
4429,56.31724214,2.443013758,0.299972516,72.59735663,0.253479379,0.2,0.8,0.6,3529000,429373.7905
1658,61.5893717,2.330023673,0.133047058,33.36422263,0.226511692,0.2,0.8,0.6,758000,82414.01411
4455,47.83599185,2.347423628,0.329676276,26.69043318,0.316126324,0.2,0.8,0.6,3555000,539437.96
3008,64.21424692,2.210253054,0.307500109,83.98843183,0.35,0.2,0.8,0.6,2108000,354144
3075,58.72777105,2.606434785,0.053261881,85.2811948,0.05,0.469036581,0.530963419,0.6,2175000,34645.36311
2969,73.19628158,2.511577595,0.094090421,19.11883668,0.116256413,0.386994415,0.613005585,0.6,2069000,88469.40216
2442,80.2788167,2.46014274,0.266403679,54.3733741,0.228130469,0.2,0.8,0.3,1542000,84426.52415
3576,86.95861605,2.226379838,0.34060217,51.84896438,0.35,0.2,0.8,0.3,2676000,224784
3571,41.62956593,2.442217831,0.17680911,44.05927885,0.19229564,0.2,0.8,0.6,2671000,246538.3936
1215,71.90336514,2.399413752,0.124262939,15.66999419,0.187424593,0.2,0.8,0.6,315000,28338.5985
2685,76.69882589,2.588025198,0.261534503,15.48395663,0.161754653,0.246833721,0.753166279,0.6,1785000,130477.9485
3321,106.9026221,2.393288771,0.18902224,97.91654342,0.222866735,0.2,0.8,0.3,2421000,129494.4876
4130,54.02060221,2.258836167,0.189843607,81.72231768,0.29050372,0.2,0.8,0.6,3230000,450396.9679
1857,40.12756195,2.280077079,0.182255505,93.40325278,0.276089213,0.2,0.8,0.6,957000,126824.3407
1463,66.68579628,2.417304629,0.33295586,86.68930268,0.282825616,0.2,0.8,0.6,563000,76430.79442
2666,93.89979152,2.624851721,0.307006914,18.49552487,0.166077597,0.2,0.8,0.3,1766000,70390.32853
2754,101.5430146,2.345330716,0.256348265,37.19946275,0.280508775,0.2,0.8,0.3,1854000,124815.1844
2097,107.2183525,2.245130171,0.339716769,14.56396029,0.35,0.2,0.8,0.3,1197000,100548
4638,61.74383051,2.328698971,0.062398195,9.055468371,0.191849612,0.300031762,0.699968238,0.6,3738000,301182.5498
4351,60.46486444,2.314251086,0.201584769,42.89718447,0.268666841,0.2,0.8,0.6,3451000,445041.2495
3528,116.5157876,2.510980269,0.291138456,80.20224432,0.215079093,0.2,0.8,0.3,2628000,135654.6858
4107,91.34446816,2.505098006,0.219914945,33.61027736,0.182408469,0.2,0.8,0.3,3207000,140396.1505
4484,79.28419913,2.447417001,0.203760738,27.21645032,0.203171868,0.2,0.8,0.6,3584000,349520.6288
3701,79.78274515,2.317258832,0.336292429,62.11332541,0.334516798,0.2,0.8,0.6,2801000,449751.1451
1513,70.97286513,2.277041245,0.251631229,99.4335944,0.312294992,0.2,0.8,0.6,613000,91889.67856
4624,94.68452132,2.516458798,0.050142412,13.71052905,0.091841807,0.864698975,0.135301025,0.3,3724000,13882.65189
4821,88.66820089,2.382501032,0.289842417,64.41467814,0.278670692,0.2,0.8,0.3,3921000,262240.2684
4941,94.61902898,2.31532166,0.107154975,77.89961296,0.220916657,0.2,0.8,0.3,4041000,214253.811
3770,88.41512909,2.26676821,0.30489184,94.44323678,0.344061815,0.2,0.8,0.3,2870000,236989.7783
3370,49.45331129,2.264192236,0.258565196,62.24203344,0.32218648,0.2,0.8,0.6,2470000,381984.2903
1397,90.23387897,2.620989953,0.317978959,4.906209795,0.173494503,0.677146203,0.322853797,0.3,497000,8351.591839
3728,83.91945127,2.512456077,0.057079801,68.04865386,0.097311862,0.2,0.8,0.3,2828000,66047.50706
4913,105.2701458,2.202983177,0.063699823,79.31807545,0.255358323,0.2,0.8,0.3,4013000,245940.7082
2224,54.99781215,2.316633338,0.123114421,65.0253644,0.228240541,0.2,0.8,0.6,1324000,145051.4288
1799,79.12659873,2.354516835,0.266639221,49.1704648,0.281061193,0.2,0.8,0.6,899000,121283.526
2981,97.95906713,2.272284768,0.137699371,38.2671044,0.257707302,0.2,0.8,0.3,2081000,128709.3348
4140,48.46061489,2.233075272,0.052806101,9.316825053,0.234865414,0.2,0.8,0.6,3240000,365262.6923
1378,95.19635653,2.310722813,0.095183651,76.36244663,0.217230419,0.2,0.8,0.3,478000,24920.67368
3276,53.44767047,2.246913035,0.16435647,43.05802989,0.283721717,0.2,0.8,0.6,2376000,323578.9439
1068,114.9179614,2.252802315,0.098058514,25.65096578,0.247628099,0.2,0.8,0.3,168000,9984.364965
3996,115.531266,2.484883991,0.291685434,75.63829805,0.228400722,0.2,0.8,0.3,3096000,169710.8722
1596,108.6146112,2.451394351,0.295937712,65.94712019,0.24727168,0.2,0.8,0.3,696000,41304.2615
3149,79.59428432,2.52287715,0.175052106,45.4562926,0.151087478,0.2,0.8,0.6,2249000,163101.9544
3824,96.9600957,2.434039372,0.052303733,98.51143823,0.13413218,0.2,0.8,0.3,2924000,94128.59889
3335,103.9711607,2.446206828,0.177218507,25.11477995,0.190505839,0.2,0.8,0.3,2435000,111331.6125
2513,53.10239328,2.385448803,0.291330153,9.371845595,0.277940675,0.2,0.8,0.6,1613000,215192.7881
1758,109.0409716,2.568086205,0.097557821,11.40816769,0.089735808,0.9,0.1,0.3,858000,2309.79969
2852,103.0833992,2.62400456,0.144824482,56.98541063,0.085409961,0.240557705,0.759442295,0.3,1952000,37984.32138
2164,60.86680037,2.361231487,0.280835924,25.27763068,0.284802218,0.2,0.8,0.6,1264000,172795.2019
1153,45.09458385,2.404425481,0.070126665,77.27928259,0.157850592,0.2,0.8,0.6,253000,19169.3759
3184,77.87126957,2.518787457,0.185642574,23.50912492,0.158427559,0.2,0.8,0.6,2284000,173687.3011
3480,60.62330429,2.383131911,0.197844672,11.81381493,0.232356381,0.2,0.8,0.6,2580000,287750.142
4595,117.2062419,2.351157959,0.255813544,80.23402365,0.277327792,0.2,0.8,0.3,3695000,245934.2863
4960,61.38533061,2.569066316,0.303618547,95.83952457,0.192276116,0.2,0.8,0.6,4060000,374707.6942
3891,116.4688346,2.315325299,0.211368778,17.19636995,0.27302174,0.2,0.8,0.3,2991000,195985.9256
2323,99.05929207,2.408279283,0.05812191,23.84946113,0.149921314,0.2,0.8,0.3,1423000,51201.127
1503,96.72978101,2.643753562,0.287824252,28.22021562,0.147035345,0.2,0.8,0.3,603000,21278.95515
2892,62.85547683,2.64544779,0.118105188,38.63113296,0.061328699,0.6882323,0.3117677,0.6,1992000,22852.59145
1635,58.33502569,2.250752054,0.081725528,19.90756434,0.240486737,0.2,0.8,0.6,735000,84843.72075
4976,59.03805405,2.575327064,0.199673086,65.24018454,0.137173011,0.2,0.8,0.6,4076000,268376.2528
2010,67.287531,2.548714475,0.060778603,88.43107604,0.081032064,0.2,0.8,0.6,1110000,43173.88369
4561,82.14968171,2.290341567,0.090859442,25.4864908,0.225258938,0.2,0.8,0.3,3661000,197921.513
2059,52.01760899,2.4923863,0.283057081,16.98358292,0.22033539,0.2,0.8,0.6,1159000,122576.9844
2701,112.5947115,2.440565542,0.284038534,2.668958074,0.246736496,0.61544814,0.38455186,0.3,1801000,51265.27315
2603,69.74702526,2.26278333,0.084719977,46.49498622,0.235968324,0.2,0.8,0.6,1703000,192889.9465
2199,79.44461272,2.325019709,0.08829741,86.79499938,0.20663885,0.2,0.8,0.6,1299000,128843.4559
2400,113.5740216,2.599899169,0.189042579,69.97413966,0.119571705,0.2,0.8,0.3,1500000,43045.81368
1164,113.341766,2.582443376,0.101635417,23.49148544,0.08459602,0.594825605,0.405174395,0.3,264000,2714.670398
1371,90.57099933,2.59763136,0.065913447,39.00606521,0.059141043,0.732976236,0.267023764,0.3,471000,2231.418641
1423,115.7450184,2.288656228,0.179814729,44.8036787,0.270579251,0.2,0.8,0.3,523000,33963.10754
4136,83.90468423,2.569229899,0.160221252,43.71050356,0.120495676,0.2,0.8,0.3,3236000,93581.7621
1305,106.2715346,2.232108278,0.249890556,8.277332781,0.333891139,0.2,0.8,0.3,405000,32454.21871
1842,48.71073302,2.535311082,0.134227652,76.4539978,0.124458285,0.2,0.8,0.6,942000,56275.05802
4682,49.18739496,2.246580865,0.173694033,87.38620049,0.288556584,0.2,0.8,0.6,3782000,523834.0802
1030,101.2448559,2.317396132,0.303518877,42.01507102,0.318061372,0.2,0.8,0.3,130000,9923.514817
3555,91.69645328,2.388006002,0.129022171,85.00258753,0.195508085,0.2,0.8,0.3,2655000,124577.7515
4903,114.0678249,2.259051298,0.221353914,40.69636012,0.306151308,0.2,0.8,0.3,4003000,294125.6848
1044,107.1760157,2.545841033,0.347996966,3.941127068,0.226077967,0.496435792,0.503564208,0.3,144000,4918.094158
3283,79.26092034,2.5099196,0.057095402,19.23317663,0.098587901,0.53493589,0.46506411,0.6,2383000,65555.89329
2149,45.73988147,2.540025543,0.349491939,59.55905696,0.229733198,0.2,0.8,0.6,1249000,137729.6469
3500,94.2563623,2.488493648,0.179771743,58.26528674,0.170639048,0.2,0.8,0.3,2600000,106478.7658
2881,110.9766796,2.267631484,0.293989791,77.35634246,0.338179153,0.2,0.8,0.3,1981000,160783.8967
2030,102.8271931,2.219398669,0.104258902,5.161942525,0.267430117,0.270873306,0.729126694,0.3,1130000,66101.75806
4638,83.19879232,2.231081041,0.222690404,68.1411549,0.320804682,0.2,0.8,0.3,3738000,287800.2961
4015,62.65626227,2.445644059,0.269701906,52.58134836,0.237028923,0.2,0.8,0.6,3115000,354405.6463
1754,44.54576113,2.361000933,0.117397665,41.68100432,0.203198366,0.2,0.8,0.6,854000,83295.07425
2294,69.33056725,2.366533677,0.142605791,38.72024959,0.213036057,0.2,0.8,0.6,1394000,142546.6865
4334,88.45126801,2.555007497,0.065015006,32.75063671,0.080003754,0.477045186,0.522954814,0.3,3434000,43101.86658
4767,92.16988716,2.221674331,0.200377129,26.53071203,0.314351399,0.2,0.8,0.3,3867000,291743.2463
1559,107.2573079,2.441037444,0.177855537,22.64703403,0.193409047,0.2,0.8,0.3,659000,30589.57484
3439,46.514132,2.301085333,0.25313887,42.95953359,0.301026769,0.2,0.8,0.6,2539000,366867.3434
4165,67.53311404,2.473674211,0.108227586,23.87429756,0.142276688,0.206919732,0.793080268,0.6,3265000,221047.3568
4100,64.7637005,2.387005253,0.083106177,4.541612814,0.173050462,0.735265806,0.264734194,0.6,3200000,87959.75916
2063,77.47484444,2.494658576,0.156956545,13.89945586,0.156148985,0.295069196,0.704930804,0.6,1163000,76809.79719
2200,76.28660575,2.415704253,0.252413618,32.9107688,0.243354683,0.2,0.8,0.6,1300000,151853.3219
3518,69.07866769,2.37374978,0.114712303,16.0647312,0.195481261,0.2,0.8,0.6,2618000,245649.5721
2249,68.05460403,2.472305028,0.23151294,66.61200538,0.204603956,0.2,0.8,0.6,1349000,132485.1535
3989,74.80897331,2.255113981,0.206596359,80.43670771,0.300741189,0.2,0.8,0.6,3089000,445914.9762
4903,56.00846159,2.534109859,0.284712065,16.03457602,0.200301103,0.2,0.8,0.6,4003000,384866.5514
3427,53.07588772,2.313491674,0.213444399,3.907535209,0.274976363,0.338459239,0.661540761,0.6,2527000,275809.0193
3321,48.313087,2.42693227,0.221538392,27.90718896,0.222303061,0.2,0.8,0.6,2421000,258333.941
4420,86.03929333,2.596966246,0.300663252,88.88789165,0.176848503,0.2,0.8,0.3,3520000,149401.6154
1504,75.70916281,2.351346612,0.278275673,22.55557735,0.288464531,0.2,0.8,0.6,604000,83631.63669
1108,101.9218572,2.455780014,0.193970086,8.236911515,0.194095036,0.322260253,0.677739747,0.3,208000,8208.465436
4703,73.76851434,2.538058427,0.248281116,78.78302728,0.180111345,0.2,0.8,0.6,3803000,328782.453
3612,94.96033694,2.402023636,0.329347869,23.61707652,0.288662117,0.2,0.8,0.3,2712000,187884.3986
3505,90.31162625,2.493936123,0.221084057,93.60490614,0.188573967,0.2,0.8,0.3,2605000,117896.4444
1944,116.5211249,2.431483455,0.31136813,61.31064533,0.264942338,0.2,0.8,0.3,1044000,66383.9522
2286,80.50374332,2.216983753,0.290452931,93.39970568,0.35,0.2,0.8,0.3,1386000,116424
4544,106.0885663,2.56543388,0.216595645,79.15418106,0.150580882,0.2,0.8,0.3,3644000,131692.0165
3992,87.83737943,2.395045378,0.055292823,11.88192513,0.155123723,0.349749217,0.650250783,0.3,3092000,93566.38327
4303,52.67709688,2.368365271,0.22483833,78.37887881,0.253236529,0.2,0.8,0.6,3403000,413646.6764
2229,61.77062665,2.530160417,0.194764783,90.26443668,0.157302183,0.2,0.8,0.6,1329000,100346.2086
3346,48.51996382,2.626084772,0.251977043,49.45487707,0.137946136,0.2,0.8,0.6,2446000,161959.7991
4219,47.36495643,2.418859273,0.246799922,47.486661,0.238970324,0.2,0.8,0.6,3319000,380708.4032
3935,116.8224756,2.586237491,0.301846016,71.62260139,0.182804262,0.2,0.8,0.3,3035000,133154.6246
3539,79.93948604,2.44116671,0.145045557,10.26435888,0.176939423,0.311185218,0.688814782,0.6,2639000,192982.4014
2019,42.25018635,2.238083251,0.063276267,50.14234474,0.237596508,0.2,0.8,0.6,1119000,127617.8364
2582,73.08031094,2.286735223,0.316803505,52.51237292,0.340034141,0.2,0.8,0.6,1682000,274529.964
4458,112.9494446,2.63270469,0.234616354,44.06405802,0.125955832,0.2,0.8,0.3,3558000,107556.2039
1002,111.0787436,2.512748754,0.173575152,59.24981795,0.155413199,0.2,0.8,0.3,102000,3804.51511
4204,72.68816106,2.476819208,0.157689637,27.47957666,0.165435215,0.2,0.8,0.6,3304000,262367.0157
4023,108.5030946,2.600419929,0.160861633,60.29277054,0.105220852,0.2,0.8,0.3,3123000,78865.13311
1815,105.7510542,2.218249948,0.300599415,7.156657139,0.35,0.2,0.8,0.3,915000,76860
3861,88.32670302,2.46554848,0.154126331,10.36983695,0.169288925,0.336489081,0.663510919,0.3,2961000,99778.34233
1894,61.08526068,2.602470118,0.21227562,88.32886442,0.129902751,0.2,0.8,0.6,994000,61979.20059
4315,102.2663029,2.258912371,0.098286998,18.67509287,0.244687314,0.2,0.8,0.3,3415000,200545.7224
1305,119.3673016,2.561753267,0.226374893,18.81498082,0.157310813,0.214772696,0.785227304,0.3,405000,15008.25661
1336,40.69267237,2.429807841,0.24309759,7.598079188,0.231644874,0.245273594,0.754726406,0.6,436000,45735.13644
1357,90.73559236,2.4311309,0.127523282,64.89134664,0.173196191,0.2,0.8,0.3,457000,18996.15821
3603,82.25092439,2.279932855,0.260170885,13.60292792,0.315119015,0.2,0.8,0.3,2703000,204424.0072
2798,95.52205197,2.32395181,0.329093781,34.56764499,0.327570985,0.2,0.8,0.3,1898000,149215.1353
4078,79.82826154,2.469157075,0.113426419,29.61082379,0.147134672,0.2,0.8,0.6,3178000,224445.1136
2952,59.07497101,2.503545381,0.321287993,75.64678057,0.233871306,0.2,0.8,0.6,2052000,230353.8816
4709,83.44278413,2.208763183,0.242151574,39.52359019,0.341694196,0.2,0.8,0.3,3809000,312363.1658
2062,46.62631338,2.629037295,0.313864774,60.08341011,0.16741374,0.2,0.8,0.6,1162000,93376.68748
1730,63.67299357,2.415133281,0.201653916,20.68028796,0.218260318,0.2,0.8,0.6,830000,86954.91051
2360,67.37799716,2.25363871,0.346462509,40.43722302,0.35,0.2,0.8,0.6,1460000,245280
2042,82.84657111,2.605881302,0.249085792,20.56914563,0.146602245,0.226205159,0.773794841,0.3,1142000,38864.56483
1051,102.8161349,2.390078246,0.27646271,74.61884726,0.268192232,0.2,0.8,0.3,151000,9719.286495
